0 verbose cli C:\Program Files\nodejs\node.exe C:\Program Files\nodejs\node_modules\npm\bin\npm-cli.js
1 info using npm@11.6.2
2 info using node@v24.13.0
3 silly config load:file:C:\Program Files\nodejs\node_modules\npm\npmrc
4 silly config load:file:C:\Users\laksh\OneDrive\Desktop\FleetMind\.npmrc
5 silly config load:file:C:\Users\laksh\.npmrc
6 silly config load:file:C:\Users\laksh\AppData\Roaming\npm\etc\npmrc
7 verbose title npm install
8 verbose argv "install" "--loglevel" "warn"
9 verbose logfile logs-max:10 dir:C:\Users\laksh\OneDrive\Desktop\FleetMind\.npm-cache\_logs\2026-08-25T15_50_38_497Z-
10 verbose logfile C:\Users\laksh\OneDrive\Desktop\FleetMind\.npm-cache\_logs\2026-08-25T15_50_38_497Z-debug-0.log
11 silly logfile done cleaning log files
12 silly packumentCache heap:4496293888 maxSize:1124073472 maxEntrySize:562036736
13 silly idealTree buildDeps
14 silly fetch manifest @emnapi/core@^1.7.1 || ^2.0.0-alpha.4
15 silly packumentCache full:https://registry.npmjs.org/@emnapi%2fcore cache-miss
16 http cache https://registry.npmjs.org/@emnapi%2fcore 12ms (cache hit)
17 silly packumentCache full:https://registry.npmjs.org/@emnapi%2fcore set size:124020 disposed:false
18 silly fetch manifest @emnapi/runtime@^1.7.1 || ^2.0.0-alpha.4
19 silly packumentCache full:https://registry.npmjs.org/@emnapi%2fruntime cache-miss
20 http cache https://registry.npmjs.org/@emnapi%2fruntime 8ms (cache hit)
21 silly packumentCache full:https://registry.npmjs.org/@emnapi%2fruntime set size:125040 disposed:false
22 silly placeDep ROOT @emnapi/core@1.11.3 OK for: @napi-rs/wasm-runtime@1.2.3 want: ^1.7.1 || ^2.0.0-alpha.4
23 silly placeDep ROOT @emnapi/runtime@1.11.3 OK for: @napi-rs/wasm-runtime@1.2.3 want: ^1.7.1 || ^2.0.0-alpha.4
24 silly fetch manifest @emnapi/wasi-threads@1.2.3
25 silly packumentCache full:https://registry.npmjs.org/@emnapi%2fwasi-threads cache-miss
26 http cache https://registry.npmjs.org/@emnapi%2fwasi-threads 6ms (cache hit)
27 silly packumentCache full:https://registry.npmjs.org/@emnapi%2fwasi-threads set size:27058 disposed:false
28 silly placeDep ROOT @emnapi/wasi-threads@1.2.3 REPLACE for: @emnapi/core@1.11.3 want: 1.2.3
29 silly fetch manifest @emnapi/core@1.10.0
30 silly packumentCache full:https://registry.npmjs.org/@emnapi%2fcore cache-hit
31 silly fetch manifest @emnapi/runtime@1.10.0
32 silly packumentCache full:https://registry.npmjs.org/@emnapi%2fruntime cache-hit
33 silly placeDep node_modules/@unrs/resolver-binding-wasm32-wasi @emnapi/core@1.10.0 OK for: @unrs/resolver-binding-wasm32-wasi@1.12.2 want: 1.10.0
34 silly placeDep node_modules/@unrs/resolver-binding-wasm32-wasi @emnapi/runtime@1.10.0 OK for: @unrs/resolver-binding-wasm32-wasi@1.12.2 want: 1.10.0
35 silly fetch manifest @emnapi/wasi-threads@1.2.1
36 silly packumentCache full:https://registry.npmjs.org/@emnapi%2fwasi-threads cache-hit
37 silly fetch manifest es-abstract@^1.23.5
38 silly packumentCache full:https://registry.npmjs.org/es-abstract cache-miss
39 http cache https://registry.npmjs.org/es-abstract 7ms (cache hit)
40 silly packumentCache full:https://registry.npmjs.org/es-abstract set size:384124 disposed:false
41 silly placeDep node_modules/arraybuffer.prototype.slice es-abstract@1.24.2 OK for: arraybuffer.prototype.slice@1.0.4 want: ^1.23.5
42 silly fetch manifest fsevents@~2.3.2
43 silly packumentCache full:https://registry.npmjs.org/fsevents cache-miss
44 http fetch GET 200 https://registry.npmjs.org/fsevents 557ms (cache miss)
45 silly packumentCache full:https://registry.npmjs.org/fsevents set size:undefined disposed:false
46 silly placeDep ROOT fsevents@2.3.3 OK for: chokidar@3.6.0 want: ~2.3.2
47 silly fetch manifest @babel/runtime@^7.8.7
48 silly packumentCache full:https://registry.npmjs.org/@babel%2fruntime cache-miss
49 http fetch GET 200 https://registry.npmjs.org/@babel%2fruntime 587ms (cache miss)
50 silly packumentCache full:https://registry.npmjs.org/@babel%2fruntime set size:undefined disposed:false
51 silly placeDep node_modules/dom-helpers @babel/runtime@7.29.7 OK for: dom-helpers@5.2.1 want: ^7.8.7
52 silly fetch manifest @babel/runtime@^7.5.5
53 silly packumentCache full:https://registry.npmjs.org/@babel%2fruntime cache-miss
54 http cache https://registry.npmjs.org/@babel%2fruntime 13ms (cache hit)
55 silly packumentCache full:https://registry.npmjs.org/@babel%2fruntime set size:3471810 disposed:false
56 silly placeDep node_modules/react-transition-group @babel/runtime@7.29.7 OK for: react-transition-group@4.4.5 want: ^7.5.5
57 silly fetch manifest es-abstract@^1.23.9
58 silly packumentCache full:https://registry.npmjs.org/es-abstract cache-hit
59 silly placeDep node_modules/reflect.getprototypeof es-abstract@1.24.2 OK for: reflect.getprototypeof@1.0.10 want: ^1.23.9
60 silly fetch manifest es-abstract@^1.23.3
61 silly packumentCache full:https://registry.npmjs.org/es-abstract cache-hit
62 silly placeDep node_modules/string.prototype.includes es-abstract@1.24.2 OK for: string.prototype.includes@2.0.1 want: ^1.23.3
63 silly fetch manifest es-abstract@^1.24.2
64 silly packumentCache full:https://registry.npmjs.org/es-abstract cache-hit
65 silly placeDep node_modules/string.prototype.trim es-abstract@1.24.2 OK for: string.prototype.trim@1.2.11 want: ^1.24.2
66 silly placeDep node_modules/@unrs/resolver-binding-wasm32-wasi @emnapi/wasi-threads@1.2.1 OK for: @emnapi/core@1.10.0 want: 1.2.1
67 silly reify moves {}
68 silly audit bulk request {
68 silly audit   '@alloc/quick-lru': [ '5.2.0' ],
68 silly audit   '@babel/runtime': [ '7.29.7' ],
68 silly audit   '@eslint-community/eslint-utils': [ '4.10.1' ],
68 silly audit   '@eslint-community/regexpp': [ '4.12.2' ],
68 silly audit   '@eslint/eslintrc': [ '2.1.4' ],
68 silly audit   '@eslint/js': [ '8.57.1' ],
68 silly audit   '@humanwhocodes/config-array': [ '0.13.0' ],
68 silly audit   '@humanwhocodes/module-importer': [ '1.0.1' ],
68 silly audit   '@humanwhocodes/object-schema': [ '2.0.3' ],
68 silly audit   '@isaacs/cliui': [ '8.0.2' ],
68 silly audit   'ansi-regex': [ '6.3.0', '5.0.1' ],
68 silly audit   'strip-ansi': [ '7.2.0', '6.0.1' ],
68 silly audit   '@jridgewell/gen-mapping': [ '0.3.13' ],
68 silly audit   '@jridgewell/resolve-uri': [ '3.1.2' ],
68 silly audit   '@jridgewell/sourcemap-codec': [ '1.5.5' ],
68 silly audit   '@jridgewell/trace-mapping': [ '0.3.31' ],
68 silly audit   '@napi-rs/wasm-runtime': [ '1.2.3' ],
68 silly audit   '@next/env': [ '14.2.5' ],
68 silly audit   '@next/eslint-plugin-next': [ '14.2.5' ],
68 silly audit   '@next/swc-darwin-arm64': [ '14.2.5' ],
68 silly audit   '@next/swc-darwin-x64': [ '14.2.5' ],
68 silly audit   '@next/swc-linux-arm64-gnu': [ '14.2.5' ],
68 silly audit   '@next/swc-linux-arm64-musl': [ '14.2.5' ],
68 silly audit   '@next/swc-linux-x64-gnu': [ '14.2.5' ],
68 silly audit   '@next/swc-linux-x64-musl': [ '14.2.5' ],
68 silly audit   '@next/swc-win32-arm64-msvc': [ '14.2.5' ],
68 silly audit   '@next/swc-win32-ia32-msvc': [ '14.2.5' ],
68 silly audit   '@next/swc-win32-x64-msvc': [ '14.2.5' ],
68 silly audit   '@nodelib/fs.scandir': [ '2.1.5' ],
68 silly audit   '@nodelib/fs.stat': [ '2.0.5' ],
68 silly audit   '@nodelib/fs.walk': [ '1.2.8' ],
68 silly audit   '@nolyfill/is-core-module': [ '1.0.39' ],
68 silly audit   '@pkgjs/parseargs': [ '0.11.0' ],
68 silly audit   '@rtsao/scc': [ '1.1.0' ],
68 silly audit   '@rushstack/eslint-patch': [ '1.16.1' ],
68 silly audit   '@swc/counter': [ '0.1.3' ],
68 silly audit   '@swc/helpers': [ '0.5.5' ],
68 silly audit   '@tybys/wasm-util': [ '0.10.3' ],
68 silly audit   '@types/d3-array': [ '3.2.2' ],
68 silly audit   '@types/d3-color': [ '3.1.3' ],
68 silly audit   '@types/d3-ease': [ '3.0.2' ],
68 silly audit   '@types/d3-interpolate': [ '3.0.4' ],
68 silly audit   '@types/d3-path': [ '3.1.1' ],
68 silly audit   '@types/d3-scale': [ '4.0.9' ],
68 silly audit   '@types/d3-shape': [ '3.2.0' ],
68 silly audit   '@types/d3-time': [ '3.0.4' ],
68 silly audit   '@types/d3-timer': [ '3.0.2' ],
68 silly audit   '@types/json5': [ '0.0.29' ],
68 silly audit   '@types/node': [ '20.19.43' ],
68 silly audit   '@types/prop-types': [ '15.7.15' ],
68 silly audit   '@types/react': [ '18.3.31' ],
68 silly audit   '@types/react-dom': [ '18.3.7' ],
68 silly audit   '@typescript-eslint/parser': [ '7.2.0' ],
68 silly audit   '@typescript-eslint/scope-manager': [ '7.2.0' ],
68 silly audit   '@typescript-eslint/types': [ '7.2.0' ],
68 silly audit   '@typescript-eslint/typescript-estree': [ '7.2.0' ],
68 silly audit   'brace-expansion': [ '2.1.4', '1.1.18' ],
68 silly audit   minimatch: [ '9.0.3', '9.0.9', '3.1.5' ],
68 silly audit   '@typescript-eslint/visitor-keys': [ '7.2.0' ],
68 silly audit   '@ungap/structured-clone': [ '1.3.3' ],
68 silly audit   '@unrs/resolver-binding-android-arm-eabi': [ '1.12.2' ],
68 silly audit   '@unrs/resolver-binding-android-arm64': [ '1.12.2' ],
68 silly audit   '@unrs/resolver-binding-darwin-arm64': [ '1.12.2' ],
68 silly audit   '@unrs/resolver-binding-darwin-x64': [ '1.12.2' ],
68 silly audit   '@unrs/resolver-binding-freebsd-x64': [ '1.12.2' ],
68 silly audit   '@unrs/resolver-binding-linux-arm-gnueabihf': [ '1.12.2' ],
68 silly audit   '@unrs/resolver-binding-linux-arm-musleabihf': [ '1.12.2' ],
68 silly audit   '@unrs/resolver-binding-linux-arm64-gnu': [ '1.12.2' ],
68 silly audit   '@unrs/resolver-binding-linux-arm64-musl': [ '1.12.2' ],
68 silly audit   '@unrs/resolver-binding-linux-loong64-gnu': [ '1.12.2' ],
68 silly audit   '@unrs/resolver-binding-linux-loong64-musl': [ '1.12.2' ],
68 silly audit   '@unrs/resolver-binding-linux-ppc64-gnu': [ '1.12.2' ],
68 silly audit   '@unrs/resolver-binding-linux-riscv64-gnu': [ '1.12.2' ],
68 silly audit   '@unrs/resolver-binding-linux-riscv64-musl': [ '1.12.2' ],
68 silly audit   '@unrs/resolver-binding-linux-s390x-gnu': [ '1.12.2' ],
68 silly audit   '@unrs/resolver-binding-linux-x64-gnu': [ '1.12.2' ],
68 silly audit   '@unrs/resolver-binding-linux-x64-musl': [ '1.12.2' ],
68 silly audit   '@unrs/resolver-binding-openharmony-arm64': [ '1.12.2' ],
68 silly audit   '@unrs/resolver-binding-wasm32-wasi': [ '1.12.2' ],
68 silly audit   '@unrs/resolver-binding-win32-arm64-msvc': [ '1.12.2' ],
68 silly audit   '@unrs/resolver-binding-win32-ia32-msvc': [ '1.12.2' ],
68 silly audit   '@unrs/resolver-binding-win32-x64-msvc': [ '1.12.2' ],
68 silly audit   acorn: [ '8.18.0' ],
68 silly audit   'acorn-jsx': [ '5.3.2' ],
68 silly audit   ajv: [ '6.15.0' ],
68 silly audit   'ansi-styles': [ '4.3.0', '6.2.3' ],
68 silly audit   'any-promise': [ '1.3.0' ],
68 silly audit   anymatch: [ '3.1.3' ],
68 silly audit   arg: [ '5.0.2' ],
68 silly audit   argparse: [ '2.0.1' ],
68 silly audit   'array-buffer-byte-length': [ '1.0.2' ],
68 silly audit   'array-includes': [ '3.1.9' ],
68 silly audit   'es-abstract': [ '1.24.2' ],
68 silly audit   'array-union': [ '2.1.0' ],
68 silly audit   'array.prototype.findlast': [ '1.2.5' ],
68 silly audit   'array.prototype.findlastindex': [ '1.2.6' ],
68 silly audit   'array.prototype.flat': [ '1.3.3' ],
68 silly audit   'array.prototype.flatmap': [ '1.3.3' ],
68 silly audit   'array.prototype.tosorted': [ '1.1.4' ],
68 silly audit   'arraybuffer.prototype.slice': [ '1.0.4' ],
68 silly audit   'ast-types-flow': [ '0.0.8' ],
68 silly audit   'async-function': [ '1.0.0' ],
68 silly audit   'available-typed-arrays': [ '1.0.7' ],
68 silly audit   'axe-core': [ '4.13.0' ],
68 silly audit   'axobject-query': [ '4.1.0' ],
68 silly audit   'balanced-match': [ '1.0.2' ],
68 silly audit   'binary-extensions': [ '2.3.0' ],
68 silly audit   braces: [ '3.0.3' ],
68 silly audit   busboy: [ '1.6.0' ],
68 silly audit   'call-bind': [ '1.0.9' ],
68 silly audit   'call-bind-apply-helpers': [ '1.0.2' ],
68 silly audit   'call-bound': [ '1.0.4' ],
68 silly audit   callsites: [ '3.1.0' ],
68 silly audit   'camelcase-css': [ '2.0.1' ],
68 silly audit   'caniuse-lite': [ '1.0.30001810' ],
68 silly audit   chalk: [ '4.1.2' ],
68 silly audit   chokidar: [ '3.6.0' ],
68 silly audit   'glob-parent': [ '5.1.2', '6.0.2' ],
68 silly audit   'client-only': [ '0.0.1' ],
68 silly audit   clsx: [ '2.1.1' ],
68 silly audit   'color-convert': [ '2.0.1' ],
68 silly audit   'color-name': [ '1.1.4' ],
68 silly audit   commander: [ '4.1.1' ],
68 silly audit   'concat-map': [ '0.0.1' ],
68 silly audit   'cross-spawn': [ '7.0.6' ],
68 silly audit   cssesc: [ '3.0.0' ],
68 silly audit   csstype: [ '3.2.3' ],
68 silly audit   'd3-array': [ '3.2.4' ],
68 silly audit   'd3-color': [ '3.1.0' ],
68 silly audit   'd3-ease': [ '3.0.1' ],
68 silly audit   'd3-format': [ '3.1.2' ],
68 silly audit   'd3-interpolate': [ '3.0.1' ],
68 silly audit   'd3-path': [ '3.1.0' ],
68 silly audit   'd3-scale': [ '4.0.2' ],
68 silly audit   'd3-shape': [ '3.2.0' ],
68 silly audit   'd3-time': [ '3.1.0' ],
68 silly audit   'd3-time-format': [ '4.1.0' ],
68 silly audit   'd3-timer': [ '3.0.1' ],
68 silly audit   'damerau-levenshtein': [ '1.0.8' ],
68 silly audit   'data-view-buffer': [ '1.0.2' ],
68 silly audit   'data-view-byte-length': [ '1.0.2' ],
68 silly audit   'data-view-byte-offset': [ '1.0.1' ],
68 silly audit   debug: [ '4.4.3', '3.2.7' ],
68 silly audit   'decimal.js-light': [ '2.5.1' ],
68 silly audit   'deep-is': [ '0.1.4' ],
68 silly audit   'define-data-property': [ '1.1.4' ],
68 silly audit   'define-properties': [ '1.2.1' ],
68 silly audit   didyoumean: [ '1.2.2' ],
68 silly audit   'dir-glob': [ '3.0.1' ],
68 silly audit   dlv: [ '1.1.3' ],
68 silly audit   doctrine: [ '3.0.0', '2.1.0' ],
68 silly audit   'dom-helpers': [ '5.2.1' ],
68 silly audit   'dunder-proto': [ '1.0.1' ],
68 silly audit   eastasianwidth: [ '0.2.0' ],
68 silly audit   'emoji-regex': [ '9.2.2', '8.0.0' ],
68 silly audit   'es-abstract-get': [ '1.0.0' ],
68 silly audit   'es-define-property': [ '1.0.1' ],
68 silly audit   'es-errors': [ '1.3.0' ],
68 silly audit   'es-iterator-helpers': [ '1.4.0' ],
68 silly audit   'es-object-atoms': [ '1.1.2' ],
68 silly audit   'es-set-tostringtag': [ '2.1.0' ],
68 silly audit   'es-shim-unscopables': [ '1.1.0' ],
68 silly audit   'es-to-primitive': [ '1.3.4' ],
68 silly audit   'escape-string-regexp': [ '4.0.0' ],
68 silly audit   eslint: [ '8.57.1' ],
68 silly audit   'eslint-config-next': [ '14.2.5' ],
68 silly audit   'aria-query': [ '5.3.2' ],
68 silly audit   'eslint-plugin-jsx-a11y': [ '6.10.2' ],
68 silly audit   'eslint-import-resolver-node': [ '0.3.10' ],
68 silly audit   'eslint-import-resolver-typescript': [ '3.10.1' ],
68 silly audit   'eslint-module-utils': [ '2.14.0' ],
68 silly audit   'eslint-plugin-import': [ '2.32.0' ],
68 silly audit   semver: [ '6.3.1', '7.8.5' ],
68 silly audit   'eslint-plugin-react': [ '7.37.5' ],
68 silly audit   'eslint-plugin-react-hooks': [ '5.0.0-canary-7118f5dd7-20230705' ],
68 silly audit   'eslint-scope': [ '7.2.2' ],
68 silly audit   'eslint-visitor-keys': [ '3.4.3' ],
68 silly audit   espree: [ '9.6.1' ],
68 silly audit   esquery: [ '1.7.0' ],
68 silly audit   esrecurse: [ '4.3.0' ],
68 silly audit   estraverse: [ '5.3.0' ],
68 silly audit   esutils: [ '2.0.3' ],
68 silly audit   eventemitter3: [ '4.0.7' ],
68 silly audit   'fast-deep-equal': [ '3.1.3' ],
68 silly audit   'fast-equals': [ '5.4.1' ],
68 silly audit   'fast-glob': [ '3.3.3' ],
68 silly audit   'fast-json-stable-stringify': [ '2.1.0' ],
68 silly audit   'fast-levenshtein': [ '2.0.6' ],
68 silly audit   fastq: [ '1.20.1' ],
68 silly audit   'file-entry-cache': [ '6.0.1' ],
68 silly audit   'fill-range': [ '7.1.1' ],
68 silly audit   'find-up': [ '5.0.0' ],
68 silly audit   'flat-cache': [ '3.2.0' ],
68 silly audit   flatted: [ '3.4.4' ],
68 silly audit   'for-each': [ '0.3.5' ],
68 silly audit   'foreground-child': [ '3.3.1' ],
68 silly audit   'fs.realpath': [ '1.0.0' ],
68 silly audit   'function-bind': [ '1.1.2' ],
68 silly audit   'function.prototype.name': [ '1.2.0' ],
68 silly audit   'functions-have-names': [ '1.2.3' ],
68 silly audit   'generator-function': [ '2.0.1' ],
68 silly audit   'get-intrinsic': [ '1.3.0' ],
68 silly audit   'get-proto': [ '1.0.1' ],
68 silly audit   'get-symbol-description': [ '1.1.0' ],
68 silly audit   'get-tsconfig': [ '4.14.3' ],
68 silly audit   glob: [ '10.3.10', '7.2.3' ],
68 silly audit   globals: [ '13.24.0' ],
68 silly audit   globalthis: [ '1.0.4' ],
68 silly audit   globby: [ '11.1.0' ],
68 silly audit   gopd: [ '1.2.0' ],
68 silly audit   'graceful-fs': [ '4.2.11' ],
68 silly audit   graphemer: [ '1.4.0' ],
68 silly audit   'has-bigints': [ '1.1.0' ],
68 silly audit   'has-flag': [ '4.0.0' ],
68 silly audit   'has-property-descriptors': [ '1.0.2' ],
68 silly audit   'has-proto': [ '1.2.0' ],
68 silly audit   'has-symbols': [ '1.1.0' ],
68 silly audit   'has-tostringtag': [ '1.0.2' ],
68 silly audit   hasown: [ '2.0.4' ],
68 silly audit   ignore: [ '5.3.2' ],
68 silly audit   'import-fresh': [ '3.3.1' ],
68 silly audit   imurmurhash: [ '0.1.4' ],
68 silly audit   inflight: [ '1.0.6' ],
68 silly audit   inherits: [ '2.0.4' ],
68 silly audit   'internal-slot': [ '1.1.0' ],
68 silly audit   internmap: [ '2.0.3' ],
68 silly audit   'is-array-buffer': [ '3.0.5' ],
68 silly audit   'is-async-function': [ '2.1.1' ],
68 silly audit   'is-bigint': [ '1.1.0' ],
68 silly audit   'is-binary-path': [ '2.1.0' ],
68 silly audit   'is-boolean-object': [ '1.2.2' ],
68 silly audit   'is-bun-module': [ '2.0.0' ],
68 silly audit   'is-callable': [ '1.2.7' ],
68 silly audit   'is-core-module': [ '2.16.2' ],
68 silly audit   'is-data-view': [ '1.0.2' ],
68 silly audit   'is-date-object': [ '1.1.0' ],
68 silly audit   'is-document.all': [ '1.0.0' ],
68 silly audit   'is-extglob': [ '2.1.1' ],
68 silly audit   'is-finalizationregistry': [ '1.1.1' ],
68 silly audit   'is-fullwidth-code-point': [ '3.0.0' ],
68 silly audit   'is-generator-function': [ '1.1.2' ],
68 silly audit   'is-glob': [ '4.0.3' ],
68 silly audit   'is-map': [ '2.0.3' ],
68 silly audit   'is-negative-zero': [ '2.0.3' ],
68 silly audit   'is-number': [ '7.0.0' ],
68 silly audit   'is-number-object': [ '1.1.1' ],
68 silly audit   'is-path-inside': [ '3.0.3' ],
68 silly audit   'is-regex': [ '1.2.1' ],
68 silly audit   'is-set': [ '2.0.3' ],
68 silly audit   'is-shared-array-buffer': [ '1.0.4' ],
68 silly audit   'is-string': [ '1.1.1' ],
68 silly audit   'is-symbol': [ '1.1.1' ],
68 silly audit   'is-typed-array': [ '1.1.15' ],
68 silly audit   'is-weakmap': [ '2.0.2' ],
68 silly audit   'is-weakref': [ '1.1.1' ],
68 silly audit   'is-weakset': [ '2.0.4' ],
68 silly audit   isarray: [ '2.0.5' ],
68 silly audit   isexe: [ '2.0.0' ],
68 silly audit   'iterator.prototype': [ '1.1.5' ],
68 silly audit   jackspeak: [ '2.3.6' ],
68 silly audit   jiti: [ '1.21.7' ],
68 silly audit   'js-tokens': [ '4.0.0' ],
68 silly audit   'js-yaml': [ '4.3.1' ],
68 silly audit   'json-buffer': [ '3.0.1' ],
68 silly audit   'json-schema-traverse': [ '0.4.1' ],
68 silly audit   'json-stable-stringify-without-jsonify': [ '1.0.1' ],
68 silly audit   json5: [ '1.0.2' ],
68 silly audit   'jsx-ast-utils': [ '3.3.5' ],
68 silly audit   keyv: [ '4.5.4' ],
68 silly audit   'language-subtag-registry': [ '0.3.23' ],
68 silly audit   'language-tags': [ '1.0.9' ],
68 silly audit   levn: [ '0.4.1' ],
68 silly audit   lilconfig: [ '3.1.3' ],
68 silly audit   'lines-and-columns': [ '1.2.4' ],
68 silly audit   'locate-path': [ '6.0.0' ],
68 silly audit   lodash: [ '4.18.1' ],
68 silly audit   'lodash.merge': [ '4.6.2' ],
68 silly audit   'loose-envify': [ '1.4.0' ],
68 silly audit   'lru-cache': [ '10.4.3' ],
68 silly audit   'lucide-react': [ '0.417.0' ],
68 silly audit   'math-intrinsics': [ '1.1.0' ],
68 silly audit   merge2: [ '1.4.1' ],
68 silly audit   micromatch: [ '4.0.8' ],
68 silly audit   minimist: [ '1.2.8' ],
68 silly audit   minipass: [ '7.1.3' ],
68 silly audit   ms: [ '2.1.3' ],
68 silly audit   mz: [ '2.7.0' ],
68 silly audit   nanoid: [ '3.3.18' ],
68 silly audit   'napi-postinstall': [ '0.3.4' ],
68 silly audit   'natural-compare': [ '1.4.0' ],
68 silly audit   next: [ '14.2.5' ],
68 silly audit   postcss: [ '8.4.31', '8.5.26' ],
68 silly audit   'node-exports-info': [ '1.6.2' ],
68 silly audit   'normalize-path': [ '3.0.0' ],
68 silly audit   'object-assign': [ '4.1.1' ],
68 silly audit   'object-hash': [ '3.0.0' ],
68 silly audit   'object-inspect': [ '1.13.4' ],
68 silly audit   'object-keys': [ '1.1.1' ],
68 silly audit   'object.assign': [ '4.1.7' ],
68 silly audit   'object.entries': [ '1.1.9' ],
68 silly audit   'object.fromentries': [ '2.0.8' ],
68 silly audit   'object.groupby': [ '1.0.3' ],
68 silly audit   'object.values': [ '1.2.1' ],
68 silly audit   once: [ '1.4.0' ],
68 silly audit   optionator: [ '0.9.4' ],
68 silly audit   'own-keys': [ '1.0.2' ],
68 silly audit   'p-limit': [ '3.1.0' ],
68 silly audit   'p-locate': [ '5.0.0' ],
68 silly audit   'parent-module': [ '1.0.1' ],
68 silly audit   'path-exists': [ '4.0.0' ],
68 silly audit   'path-is-absolute': [ '1.0.1' ],
68 silly audit   'path-key': [ '3.1.1' ],
68 silly audit   'path-parse': [ '1.0.7' ],
68 silly audit   'path-scurry': [ '1.11.1' ],
68 silly audit   'path-type': [ '4.0.0' ],
68 silly audit   picocolors: [ '1.1.1' ],
68 silly audit   picomatch: [ '2.3.2', '4.0.7' ],
68 silly audit   pirates: [ '4.0.7' ],
68 silly audit   'possible-typed-array-names': [ '1.1.0' ],
68 silly audit   'postcss-import': [ '15.1.0' ],
68 silly audit   resolve: [ '1.22.12', '2.0.0-next.7' ],
68 silly audit   'postcss-js': [ '4.1.0' ],
68 silly audit   'postcss-load-config': [ '6.0.1' ],
68 silly audit   'postcss-nested': [ '6.2.0' ],
68 silly audit   'postcss-selector-parser': [ '6.1.4' ],
68 silly audit   'postcss-value-parser': [ '4.2.0' ],
68 silly audit   'prelude-ls': [ '1.2.1' ],
68 silly audit   'prop-types': [ '15.8.1' ],
68 silly audit   punycode: [ '2.3.1' ],
68 silly audit   'queue-microtask': [ '1.2.3' ],
68 silly audit   react: [ '18.3.1' ],
68 silly audit   'react-dom': [ '18.3.1' ],
68 silly audit   'react-is': [ '16.13.1', '18.3.1' ],
68 silly audit   'react-smooth': [ '4.0.4' ],
68 silly audit   'react-transition-group': [ '4.4.5' ],
68 silly audit   'read-cache': [ '1.0.2' ],
68 silly audit   readdirp: [ '3.6.0' ],
68 silly audit   recharts: [ '2.15.4' ],
68 silly audit   'recharts-scale': [ '0.4.5' ],
68 silly audit   'reflect.getprototypeof': [ '1.0.10' ],
68 silly audit   'regexp.prototype.flags': [ '1.5.4' ],
68 silly audit   'resolve-from': [ '4.0.0' ],
68 silly audit   'resolve-pkg-maps': [ '1.0.0' ],
68 silly audit   reusify: [ '1.1.0' ],
68 silly audit   rimraf: [ '3.0.2' ],
68 silly audit   'run-parallel': [ '1.2.0' ],
68 silly audit   'safe-array-concat': [ '1.1.4' ],
68 silly audit   'safe-push-apply': [ '1.0.0' ],
68 silly audit   'safe-regex-test': [ '1.1.0' ],
68 silly audit   scheduler: [ '0.23.2' ],
68 silly audit   'set-function-length': [ '1.2.2' ],
68 silly audit   'set-function-name': [ '2.0.2' ],
68 silly audit   'set-proto': [ '1.0.0' ],
68 silly audit   'shebang-command': [ '2.0.0' ],
68 silly audit   'shebang-regex': [ '3.0.0' ],
68 silly audit   'side-channel': [ '1.1.1' ],
68 silly audit   'side-channel-list': [ '1.0.1' ],
68 silly audit   'side-channel-map': [ '1.0.1' ],
68 silly audit   'side-channel-weakmap': [ '1.0.2' ],
68 silly audit   'signal-exit': [ '4.1.0' ],
68 silly audit   slash: [ '3.0.0' ],
68 silly audit   'source-map-js': [ '1.2.1' ],
68 silly audit   'stable-hash': [ '0.0.5' ],
68 silly audit   'stop-iteration-iterator': [ '1.1.0' ],
68 silly audit   streamsearch: [ '1.1.0' ],
68 silly audit   'string-width': [ '5.1.2', '4.2.3' ],
68 silly audit   'string.prototype.includes': [ '2.0.1' ],
68 silly audit   'string.prototype.matchall': [ '4.0.12' ],
68 silly audit   'string.prototype.repeat': [ '1.0.0' ],
68 silly audit   'string.prototype.trim': [ '1.2.11' ],
68 silly audit   'string.prototype.trimend': [ '1.0.10' ],
68 silly audit   'string.prototype.trimstart': [ '1.0.8' ],
68 silly audit   'strip-bom': [ '3.0.0' ],
68 silly audit   'strip-json-comments': [ '3.1.1' ],
68 silly audit   'styled-jsx': [ '5.1.1' ],
68 silly audit   sucrase: [ '3.35.1' ],
68 silly audit   'supports-color': [ '7.2.0' ],
68 silly audit   'supports-preserve-symlinks-flag': [ '1.0.0' ],
68 silly audit   'tailwind-merge': [ '2.6.1' ],
68 silly audit   tailwindcss: [ '3.4.19' ],
68 silly audit   'text-table': [ '0.2.0' ],
68 silly audit   thenify: [ '3.3.1' ],
68 silly audit   'thenify-all': [ '1.6.0' ],
68 silly audit   'tiny-invariant': [ '1.3.3' ],
68 silly audit   tinyglobby: [ '0.2.17' ],
68 silly audit   fdir: [ '6.5.0' ],
68 silly audit   'to-regex-range': [ '5.0.1' ],
68 silly audit   'ts-api-utils': [ '1.4.3' ],
68 silly audit   'ts-interface-checker': [ '0.1.13' ],
68 silly audit   'tsconfig-paths': [ '3.15.0' ],
68 silly audit   tslib: [ '2.8.1' ],
68 silly audit   'type-check': [ '0.4.0' ],
68 silly audit   'type-fest': [ '0.20.2' ],
68 silly audit   'typed-array-buffer': [ '1.0.3' ],
68 silly audit   'typed-array-byte-length': [ '1.0.3' ],
68 silly audit   'typed-array-byte-offset': [ '1.0.4' ],
68 silly audit   'typed-array-length': [ '1.0.8' ],
68 silly audit   typescript: [ '5.9.3' ],
68 silly audit   'unbox-primitive': [ '1.1.0' ],
68 silly audit   'undici-types': [ '6.21.0' ],
68 silly audit   'unrs-resolver': [ '1.12.2' ],
68 silly audit   'uri-js': [ '4.4.1' ],
68 silly audit   'util-deprecate': [ '1.0.2' ],
68 silly audit   'victory-vendor': [ '36.9.2' ],
68 silly audit   which: [ '2.0.2' ],
68 silly audit   'which-boxed-primitive': [ '1.1.1' ],
68 silly audit   'which-builtin-type': [ '1.2.1' ],
68 silly audit   'which-collection': [ '1.0.2' ],
68 silly audit   'which-typed-array': [ '1.1.22' ],
68 silly audit   'word-wrap': [ '1.2.5' ],
68 silly audit   'wrap-ansi': [ '8.1.0', '7.0.0' ],
68 silly audit   wrappy: [ '1.0.2' ],
68 silly audit   'yocto-queue': [ '0.1.0' ],
68 silly audit   '@emnapi/core': [ '1.10.0' ],
68 silly audit   '@emnapi/runtime': [ '1.10.0' ],
68 silly audit   '@emnapi/wasi-threads': [ '1.2.3', '1.2.1' ],
68 silly audit   fsevents: [ '2.3.3' ]
68 silly audit }
69 http cache @emnapi/wasi-threads@https://registry.npmjs.org/@emnapi/wasi-threads/-/wasi-threads-1.2.3.tgz 0ms (cache hit)
70 silly packumentCache corgi:https://registry.npmjs.org/wrappy cache-miss
71 silly packumentCache corgi:https://registry.npmjs.org/yocto-queue cache-miss
72 silly packumentCache corgi:https://registry.npmjs.org/word-wrap cache-miss
73 silly packumentCache corgi:https://registry.npmjs.org/which-typed-array cache-miss
74 silly packumentCache corgi:https://registry.npmjs.org/wrap-ansi cache-miss
75 silly packumentCache corgi:https://registry.npmjs.org/wrap-ansi cache-miss
76 silly packumentCache corgi:https://registry.npmjs.org/which-collection cache-miss
77 silly packumentCache corgi:https://registry.npmjs.org/which-builtin-type cache-miss
78 silly packumentCache corgi:https://registry.npmjs.org/which cache-miss
79 silly packumentCache corgi:https://registry.npmjs.org/which-boxed-primitive cache-miss
80 silly packumentCache corgi:https://registry.npmjs.org/util-deprecate cache-miss
81 http cache victory-vendor@https://registry.npmjs.org/victory-vendor/-/victory-vendor-36.9.2.tgz 0ms (cache hit)
82 silly packumentCache corgi:https://registry.npmjs.org/undici-types cache-miss
83 silly packumentCache corgi:https://registry.npmjs.org/uri-js cache-miss
84 silly packumentCache corgi:https://registry.npmjs.org/unrs-resolver cache-miss
85 silly packumentCache corgi:https://registry.npmjs.org/unbox-primitive cache-miss
86 silly packumentCache corgi:https://registry.npmjs.org/typed-array-length cache-miss
87 silly packumentCache corgi:https://registry.npmjs.org/typed-array-byte-offset cache-miss
88 silly packumentCache corgi:https://registry.npmjs.org/typescript cache-miss
89 silly packumentCache corgi:https://registry.npmjs.org/typed-array-byte-length cache-miss
90 silly packumentCache corgi:https://registry.npmjs.org/type-fest cache-miss
91 silly packumentCache corgi:https://registry.npmjs.org/type-check cache-miss
92 silly packumentCache corgi:https://registry.npmjs.org/tslib cache-miss
93 silly packumentCache corgi:https://registry.npmjs.org/typed-array-buffer cache-miss
94 silly packumentCache corgi:https://registry.npmjs.org/tsconfig-paths cache-miss
95 silly packumentCache corgi:https://registry.npmjs.org/to-regex-range cache-miss
96 silly packumentCache corgi:https://registry.npmjs.org/ts-api-utils cache-miss
97 silly packumentCache corgi:https://registry.npmjs.org/ts-interface-checker cache-miss
98 silly packumentCache corgi:https://registry.npmjs.org/thenify cache-miss
99 silly packumentCache corgi:https://registry.npmjs.org/thenify-all cache-miss
100 silly packumentCache corgi:https://registry.npmjs.org/tinyglobby cache-miss
101 silly packumentCache corgi:https://registry.npmjs.org/text-table cache-miss
102 silly packumentCache corgi:https://registry.npmjs.org/tiny-invariant cache-miss
103 silly packumentCache corgi:https://registry.npmjs.org/supports-preserve-symlinks-flag cache-miss
104 http cache tailwindcss@https://registry.npmjs.org/tailwindcss/-/tailwindcss-3.4.19.tgz 0ms (cache hit)
105 silly packumentCache corgi:https://registry.npmjs.org/tailwind-merge cache-miss
106 silly packumentCache corgi:https://registry.npmjs.org/sucrase cache-miss
107 silly packumentCache corgi:https://registry.npmjs.org/strip-json-comments cache-miss
108 silly packumentCache corgi:https://registry.npmjs.org/styled-jsx cache-miss
109 silly packumentCache corgi:https://registry.npmjs.org/supports-color cache-miss
110 silly packumentCache corgi:https://registry.npmjs.org/strip-ansi cache-miss
111 silly packumentCache corgi:https://registry.npmjs.org/strip-bom cache-miss
112 silly packumentCache corgi:https://registry.npmjs.org/strip-ansi cache-miss
113 silly packumentCache corgi:https://registry.npmjs.org/string.prototype.trim cache-miss
114 silly packumentCache corgi:https://registry.npmjs.org/string.prototype.trimstart cache-miss
115 silly packumentCache corgi:https://registry.npmjs.org/string.prototype.repeat cache-miss
116 silly packumentCache corgi:https://registry.npmjs.org/string.prototype.matchall cache-miss
117 silly packumentCache corgi:https://registry.npmjs.org/string-width cache-miss
118 silly packumentCache corgi:https://registry.npmjs.org/streamsearch cache-miss
119 silly packumentCache corgi:https://registry.npmjs.org/string.prototype.trimend cache-miss
120 silly packumentCache corgi:https://registry.npmjs.org/string.prototype.includes cache-miss
121 silly packumentCache corgi:https://registry.npmjs.org/stop-iteration-iterator cache-miss
122 silly packumentCache corgi:https://registry.npmjs.org/stable-hash cache-miss
123 silly packumentCache corgi:https://registry.npmjs.org/side-channel-weakmap cache-miss
124 silly packumentCache corgi:https://registry.npmjs.org/slash cache-miss
125 silly packumentCache corgi:https://registry.npmjs.org/string-width cache-miss
126 silly packumentCache corgi:https://registry.npmjs.org/source-map-js cache-miss
127 silly packumentCache corgi:https://registry.npmjs.org/side-channel-map cache-miss
128 silly packumentCache corgi:https://registry.npmjs.org/side-channel cache-miss
129 silly packumentCache corgi:https://registry.npmjs.org/signal-exit cache-miss
130 silly packumentCache corgi:https://registry.npmjs.org/shebang-regex cache-miss
131 silly packumentCache corgi:https://registry.npmjs.org/set-function-name cache-miss
132 silly packumentCache corgi:https://registry.npmjs.org/side-channel-list cache-miss
133 silly packumentCache corgi:https://registry.npmjs.org/set-proto cache-miss
134 silly packumentCache corgi:https://registry.npmjs.org/set-function-length cache-miss
135 silly packumentCache corgi:https://registry.npmjs.org/shebang-command cache-miss
136 silly packumentCache corgi:https://registry.npmjs.org/safe-push-apply cache-miss
137 silly packumentCache corgi:https://registry.npmjs.org/safe-regex-test cache-miss
138 silly packumentCache corgi:https://registry.npmjs.org/semver cache-miss
139 silly packumentCache corgi:https://registry.npmjs.org/scheduler cache-miss
140 silly packumentCache corgi:https://registry.npmjs.org/safe-array-concat cache-miss
141 silly packumentCache corgi:https://registry.npmjs.org/run-parallel cache-miss
142 silly packumentCache corgi:https://registry.npmjs.org/reusify cache-miss
143 silly packumentCache corgi:https://registry.npmjs.org/rimraf cache-miss
144 silly packumentCache corgi:https://registry.npmjs.org/resolve-pkg-maps cache-miss
145 silly packumentCache corgi:https://registry.npmjs.org/resolve-from cache-miss
146 silly packumentCache corgi:https://registry.npmjs.org/recharts-scale cache-miss
147 silly packumentCache corgi:https://registry.npmjs.org/regexp.prototype.flags cache-miss
148 silly packumentCache corgi:https://registry.npmjs.org/reflect.getprototypeof cache-miss
149 http cache recharts@https://registry.npmjs.org/recharts/-/recharts-2.15.4.tgz 0ms (cache hit)
150 silly packumentCache corgi:https://registry.npmjs.org/resolve cache-miss
151 silly packumentCache corgi:https://registry.npmjs.org/readdirp cache-miss
152 silly packumentCache corgi:https://registry.npmjs.org/react-transition-group cache-miss
153 silly packumentCache corgi:https://registry.npmjs.org/react-smooth cache-miss
154 silly packumentCache corgi:https://registry.npmjs.org/read-cache cache-miss
155 silly packumentCache corgi:https://registry.npmjs.org/react-is cache-miss
156 silly packumentCache corgi:https://registry.npmjs.org/queue-microtask cache-miss
157 silly packumentCache corgi:https://registry.npmjs.org/react cache-miss
158 silly packumentCache corgi:https://registry.npmjs.org/prop-types cache-miss
159 silly packumentCache corgi:https://registry.npmjs.org/prelude-ls cache-miss
160 silly packumentCache corgi:https://registry.npmjs.org/postcss-value-parser cache-miss
161 silly packumentCache corgi:https://registry.npmjs.org/react-dom cache-miss
162 silly packumentCache corgi:https://registry.npmjs.org/postcss-nested cache-miss
163 silly packumentCache corgi:https://registry.npmjs.org/postcss-selector-parser cache-miss
164 silly packumentCache corgi:https://registry.npmjs.org/punycode cache-miss
165 silly packumentCache corgi:https://registry.npmjs.org/postcss-js cache-miss
166 silly packumentCache corgi:https://registry.npmjs.org/postcss-load-config cache-miss
167 silly packumentCache corgi:https://registry.npmjs.org/picomatch cache-miss
168 silly packumentCache corgi:https://registry.npmjs.org/postcss-import cache-miss
169 silly packumentCache corgi:https://registry.npmjs.org/postcss cache-miss
170 silly packumentCache corgi:https://registry.npmjs.org/possible-typed-array-names cache-miss
171 silly packumentCache corgi:https://registry.npmjs.org/pirates cache-miss
172 silly packumentCache corgi:https://registry.npmjs.org/picocolors cache-miss
173 silly packumentCache corgi:https://registry.npmjs.org/path-type cache-miss
174 silly packumentCache corgi:https://registry.npmjs.org/path-parse cache-miss
175 silly packumentCache corgi:https://registry.npmjs.org/path-key cache-miss
176 silly packumentCache corgi:https://registry.npmjs.org/path-scurry cache-miss
177 silly packumentCache corgi:https://registry.npmjs.org/p-locate cache-miss
178 silly packumentCache corgi:https://registry.npmjs.org/path-is-absolute cache-miss
179 silly packumentCache corgi:https://registry.npmjs.org/path-exists cache-miss
180 silly packumentCache corgi:https://registry.npmjs.org/parent-module cache-miss
181 silly packumentCache corgi:https://registry.npmjs.org/p-limit cache-miss
182 silly packumentCache corgi:https://registry.npmjs.org/once cache-miss
183 silly packumentCache corgi:https://registry.npmjs.org/own-keys cache-miss
184 silly packumentCache corgi:https://registry.npmjs.org/optionator cache-miss
185 silly packumentCache corgi:https://registry.npmjs.org/object.values cache-miss
186 silly packumentCache corgi:https://registry.npmjs.org/object.fromentries cache-miss
187 silly packumentCache corgi:https://registry.npmjs.org/object.groupby cache-miss
188 silly packumentCache corgi:https://registry.npmjs.org/object.assign cache-miss
189 silly packumentCache corgi:https://registry.npmjs.org/object-inspect cache-miss
190 silly packumentCache corgi:https://registry.npmjs.org/object-keys cache-miss
191 silly packumentCache corgi:https://registry.npmjs.org/object.entries cache-miss
192 silly packumentCache corgi:https://registry.npmjs.org/object-hash cache-miss
193 silly packumentCache corgi:https://registry.npmjs.org/natural-compare cache-miss
194 silly packumentCache corgi:https://registry.npmjs.org/object-assign cache-miss
195 silly packumentCache corgi:https://registry.npmjs.org/node-exports-info cache-miss
196 silly packumentCache corgi:https://registry.npmjs.org/normalize-path cache-miss
197 http cache next@https://registry.npmjs.org/next/-/next-14.2.5.tgz 0ms (cache hit)
198 silly packumentCache corgi:https://registry.npmjs.org/nanoid cache-miss
199 silly packumentCache corgi:https://registry.npmjs.org/napi-postinstall cache-miss
200 silly packumentCache corgi:https://registry.npmjs.org/ms cache-miss
201 silly packumentCache corgi:https://registry.npmjs.org/mz cache-miss
202 silly packumentCache corgi:https://registry.npmjs.org/minipass cache-miss
203 silly packumentCache corgi:https://registry.npmjs.org/minimatch cache-miss
204 silly packumentCache corgi:https://registry.npmjs.org/micromatch cache-miss
205 silly packumentCache corgi:https://registry.npmjs.org/minimist cache-miss
206 silly packumentCache corgi:https://registry.npmjs.org/math-intrinsics cache-miss
207 silly packumentCache corgi:https://registry.npmjs.org/merge2 cache-miss
208 silly packumentCache corgi:https://registry.npmjs.org/lru-cache cache-miss
209 http cache lucide-react@https://registry.npmjs.org/lucide-react/-/lucide-react-0.417.0.tgz 0ms (cache hit)
210 http cache lodash@https://registry.npmjs.org/lodash/-/lodash-4.18.1.tgz 0ms (cache hit)
211 silly packumentCache corgi:https://registry.npmjs.org/lodash.merge cache-miss
212 silly packumentCache corgi:https://registry.npmjs.org/locate-path cache-miss
213 silly packumentCache corgi:https://registry.npmjs.org/lines-and-columns cache-miss
214 silly packumentCache corgi:https://registry.npmjs.org/language-tags cache-miss
215 silly packumentCache corgi:https://registry.npmjs.org/loose-envify cache-miss
216 silly packumentCache corgi:https://registry.npmjs.org/lilconfig cache-miss
217 silly packumentCache corgi:https://registry.npmjs.org/jsx-ast-utils cache-miss
218 silly packumentCache corgi:https://registry.npmjs.org/levn cache-miss
219 silly packumentCache corgi:https://registry.npmjs.org/language-subtag-registry cache-miss
220 silly packumentCache corgi:https://registry.npmjs.org/json-stable-stringify-without-jsonify cache-miss
221 silly packumentCache corgi:https://registry.npmjs.org/json5 cache-miss
222 silly packumentCache corgi:https://registry.npmjs.org/keyv cache-miss
223 silly packumentCache corgi:https://registry.npmjs.org/json-schema-traverse cache-miss
224 silly packumentCache corgi:https://registry.npmjs.org/jiti cache-miss
225 silly packumentCache corgi:https://registry.npmjs.org/json-buffer cache-miss
226 silly packumentCache corgi:https://registry.npmjs.org/js-yaml cache-miss
227 silly packumentCache corgi:https://registry.npmjs.org/js-tokens cache-miss
228 silly packumentCache corgi:https://registry.npmjs.org/iterator.prototype cache-miss
229 silly packumentCache corgi:https://registry.npmjs.org/isexe cache-miss
230 silly packumentCache corgi:https://registry.npmjs.org/is-weakset cache-miss
231 silly packumentCache corgi:https://registry.npmjs.org/is-weakmap cache-miss
232 silly packumentCache corgi:https://registry.npmjs.org/jackspeak cache-miss
233 silly packumentCache corgi:https://registry.npmjs.org/isarray cache-miss
234 silly packumentCache corgi:https://registry.npmjs.org/is-string cache-miss
235 silly packumentCache corgi:https://registry.npmjs.org/is-weakref cache-miss
236 silly packumentCache corgi:https://registry.npmjs.org/is-typed-array cache-miss
237 silly packumentCache corgi:https://registry.npmjs.org/is-symbol cache-miss
238 silly packumentCache corgi:https://registry.npmjs.org/is-regex cache-miss
239 silly packumentCache corgi:https://registry.npmjs.org/is-shared-array-buffer cache-miss
240 silly packumentCache corgi:https://registry.npmjs.org/is-number-object cache-miss
241 silly packumentCache corgi:https://registry.npmjs.org/is-number cache-miss
242 silly packumentCache corgi:https://registry.npmjs.org/is-path-inside cache-miss
243 silly packumentCache corgi:https://registry.npmjs.org/is-set cache-miss
244 silly packumentCache corgi:https://registry.npmjs.org/is-negative-zero cache-miss
245 silly packumentCache corgi:https://registry.npmjs.org/is-map cache-miss
246 silly packumentCache corgi:https://registry.npmjs.org/is-finalizationregistry cache-miss
247 silly packumentCache corgi:https://registry.npmjs.org/is-generator-function cache-miss
248 silly packumentCache corgi:https://registry.npmjs.org/is-fullwidth-code-point cache-miss
249 silly packumentCache corgi:https://registry.npmjs.org/is-extglob cache-miss
250 silly packumentCache corgi:https://registry.npmjs.org/is-glob cache-miss
251 silly packumentCache corgi:https://registry.npmjs.org/is-date-object cache-miss
252 silly packumentCache corgi:https://registry.npmjs.org/is-data-view cache-miss
253 silly packumentCache corgi:https://registry.npmjs.org/is-core-module cache-miss
254 silly packumentCache corgi:https://registry.npmjs.org/is-document.all cache-miss
255 silly packumentCache corgi:https://registry.npmjs.org/is-callable cache-miss
256 silly packumentCache corgi:https://registry.npmjs.org/is-boolean-object cache-miss
257 silly packumentCache corgi:https://registry.npmjs.org/is-bun-module cache-miss
258 silly packumentCache corgi:https://registry.npmjs.org/is-binary-path cache-miss
259 silly packumentCache corgi:https://registry.npmjs.org/is-bigint cache-miss
260 silly packumentCache corgi:https://registry.npmjs.org/is-array-buffer cache-miss
261 silly packumentCache corgi:https://registry.npmjs.org/internmap cache-miss
262 silly packumentCache corgi:https://registry.npmjs.org/internal-slot cache-miss
263 silly packumentCache corgi:https://registry.npmjs.org/inflight cache-miss
264 silly packumentCache corgi:https://registry.npmjs.org/inherits cache-miss
265 silly packumentCache corgi:https://registry.npmjs.org/imurmurhash cache-miss
266 silly packumentCache corgi:https://registry.npmjs.org/ignore cache-miss
267 silly packumentCache corgi:https://registry.npmjs.org/has-tostringtag cache-miss
268 silly packumentCache corgi:https://registry.npmjs.org/import-fresh cache-miss
269 silly packumentCache corgi:https://registry.npmjs.org/hasown cache-miss
270 silly packumentCache corgi:https://registry.npmjs.org/has-property-descriptors cache-miss
271 silly packumentCache corgi:https://registry.npmjs.org/has-symbols cache-miss
272 silly packumentCache corgi:https://registry.npmjs.org/has-flag cache-miss
273 silly packumentCache corgi:https://registry.npmjs.org/graceful-fs cache-miss
274 silly packumentCache corgi:https://registry.npmjs.org/has-bigints cache-miss
275 silly packumentCache corgi:https://registry.npmjs.org/graphemer cache-miss
276 silly packumentCache corgi:https://registry.npmjs.org/is-async-function cache-miss
277 silly packumentCache corgi:https://registry.npmjs.org/globby cache-miss
278 silly packumentCache corgi:https://registry.npmjs.org/gopd cache-miss
279 silly packumentCache corgi:https://registry.npmjs.org/globalthis cache-miss
280 silly packumentCache corgi:https://registry.npmjs.org/get-tsconfig cache-miss
281 silly packumentCache corgi:https://registry.npmjs.org/globals cache-miss
282 silly packumentCache corgi:https://registry.npmjs.org/glob-parent cache-miss
283 silly packumentCache corgi:https://registry.npmjs.org/get-symbol-description cache-miss
284 silly packumentCache corgi:https://registry.npmjs.org/glob cache-miss
285 silly packumentCache corgi:https://registry.npmjs.org/get-intrinsic cache-miss
286 silly packumentCache corgi:https://registry.npmjs.org/generator-function cache-miss
287 silly packumentCache corgi:https://registry.npmjs.org/function.prototype.name cache-miss
288 silly packumentCache corgi:https://registry.npmjs.org/get-proto cache-miss
289 silly packumentCache corgi:https://registry.npmjs.org/function-bind cache-miss
290 silly packumentCache corgi:https://registry.npmjs.org/fs.realpath cache-miss
291 silly packumentCache corgi:https://registry.npmjs.org/foreground-child cache-miss
292 silly packumentCache corgi:https://registry.npmjs.org/functions-have-names cache-miss
293 silly packumentCache corgi:https://registry.npmjs.org/flatted cache-miss
294 silly packumentCache corgi:https://registry.npmjs.org/flat-cache cache-miss
295 silly packumentCache corgi:https://registry.npmjs.org/for-each cache-miss
296 silly packumentCache corgi:https://registry.npmjs.org/find-up cache-miss
297 silly packumentCache corgi:https://registry.npmjs.org/fill-range cache-miss
298 silly packumentCache corgi:https://registry.npmjs.org/file-entry-cache cache-miss
299 silly packumentCache corgi:https://registry.npmjs.org/has-proto cache-miss
300 silly packumentCache corgi:https://registry.npmjs.org/fast-levenshtein cache-miss
301 silly packumentCache corgi:https://registry.npmjs.org/fastq cache-miss
302 silly packumentCache corgi:https://registry.npmjs.org/fast-glob cache-miss
303 silly packumentCache corgi:https://registry.npmjs.org/fast-json-stable-stringify cache-miss
304 silly packumentCache corgi:https://registry.npmjs.org/fast-deep-equal cache-miss
305 silly packumentCache corgi:https://registry.npmjs.org/esutils cache-miss
306 silly packumentCache corgi:https://registry.npmjs.org/estraverse cache-miss
307 silly packumentCache corgi:https://registry.npmjs.org/fast-equals cache-miss
308 silly packumentCache corgi:https://registry.npmjs.org/eventemitter3 cache-miss
309 silly packumentCache corgi:https://registry.npmjs.org/espree cache-miss
310 silly packumentCache corgi:https://registry.npmjs.org/esquery cache-miss
311 silly packumentCache corgi:https://registry.npmjs.org/esrecurse cache-miss
312 silly packumentCache corgi:https://registry.npmjs.org/eslint-visitor-keys cache-miss
313 silly packumentCache corgi:https://registry.npmjs.org/eslint-scope cache-miss
314 silly packumentCache corgi:https://registry.npmjs.org/eslint-plugin-react-hooks cache-miss
315 silly packumentCache corgi:https://registry.npmjs.org/eslint-plugin-react cache-miss
316 silly packumentCache corgi:https://registry.npmjs.org/eslint-plugin-import cache-miss
317 silly packumentCache corgi:https://registry.npmjs.org/eslint-import-resolver-node cache-miss
318 silly packumentCache corgi:https://registry.npmjs.org/eslint-module-utils cache-miss
319 silly packumentCache corgi:https://registry.npmjs.org/eslint-import-resolver-typescript cache-miss
320 silly packumentCache corgi:https://registry.npmjs.org/eslint-config-next cache-miss
321 silly packumentCache corgi:https://registry.npmjs.org/es-set-tostringtag cache-miss
322 http cache eslint@https://registry.npmjs.org/eslint/-/eslint-8.57.1.tgz 0ms (cache hit)
323 silly packumentCache corgi:https://registry.npmjs.org/es-shim-unscopables cache-miss
324 silly packumentCache corgi:https://registry.npmjs.org/es-to-primitive cache-miss
325 silly packumentCache corgi:https://registry.npmjs.org/es-object-atoms cache-miss
326 silly packumentCache corgi:https://registry.npmjs.org/escape-string-regexp cache-miss
327 silly packumentCache corgi:https://registry.npmjs.org/es-errors cache-miss
328 silly packumentCache corgi:https://registry.npmjs.org/es-iterator-helpers cache-miss
329 silly packumentCache corgi:https://registry.npmjs.org/es-define-property cache-miss
330 silly packumentCache corgi:https://registry.npmjs.org/es-abstract-get cache-miss
331 silly packumentCache corgi:https://registry.npmjs.org/emoji-regex cache-miss
332 silly packumentCache corgi:https://registry.npmjs.org/dunder-proto cache-miss
333 silly packumentCache corgi:https://registry.npmjs.org/eastasianwidth cache-miss
334 silly packumentCache corgi:https://registry.npmjs.org/dom-helpers cache-miss
335 silly packumentCache corgi:https://registry.npmjs.org/dlv cache-miss
336 silly packumentCache corgi:https://registry.npmjs.org/doctrine cache-miss
337 silly packumentCache corgi:https://registry.npmjs.org/dir-glob cache-miss
338 silly packumentCache corgi:https://registry.npmjs.org/didyoumean cache-miss
339 silly packumentCache corgi:https://registry.npmjs.org/define-properties cache-miss
340 silly packumentCache corgi:https://registry.npmjs.org/decimal.js-light cache-miss
341 silly packumentCache corgi:https://registry.npmjs.org/define-data-property cache-miss
342 silly packumentCache corgi:https://registry.npmjs.org/data-view-byte-offset cache-miss
343 silly packumentCache corgi:https://registry.npmjs.org/data-view-buffer cache-miss
344 silly packumentCache corgi:https://registry.npmjs.org/data-view-byte-length cache-miss
345 silly packumentCache corgi:https://registry.npmjs.org/debug cache-miss
346 silly packumentCache corgi:https://registry.npmjs.org/d3-timer cache-miss
347 silly packumentCache corgi:https://registry.npmjs.org/damerau-levenshtein cache-miss
348 silly packumentCache corgi:https://registry.npmjs.org/d3-time-format cache-miss
349 silly packumentCache corgi:https://registry.npmjs.org/d3-shape cache-miss
350 silly packumentCache corgi:https://registry.npmjs.org/d3-time cache-miss
351 silly packumentCache corgi:https://registry.npmjs.org/d3-format cache-miss
352 silly packumentCache corgi:https://registry.npmjs.org/d3-path cache-miss
353 silly packumentCache corgi:https://registry.npmjs.org/d3-scale cache-miss
354 silly packumentCache corgi:https://registry.npmjs.org/d3-interpolate cache-miss
355 silly packumentCache corgi:https://registry.npmjs.org/d3-array cache-miss
356 silly packumentCache corgi:https://registry.npmjs.org/d3-color cache-miss
357 silly packumentCache corgi:https://registry.npmjs.org/csstype cache-miss
358 silly packumentCache corgi:https://registry.npmjs.org/cssesc cache-miss
359 silly packumentCache corgi:https://registry.npmjs.org/d3-ease cache-miss
360 silly packumentCache corgi:https://registry.npmjs.org/cross-spawn cache-miss
361 silly packumentCache corgi:https://registry.npmjs.org/deep-is cache-miss
362 silly packumentCache corgi:https://registry.npmjs.org/concat-map cache-miss
363 silly packumentCache corgi:https://registry.npmjs.org/commander cache-miss
364 silly packumentCache corgi:https://registry.npmjs.org/color-convert cache-miss
365 silly packumentCache corgi:https://registry.npmjs.org/color-name cache-miss
366 silly packumentCache corgi:https://registry.npmjs.org/chalk cache-miss
367 silly packumentCache corgi:https://registry.npmjs.org/client-only cache-miss
368 silly packumentCache corgi:https://registry.npmjs.org/clsx cache-miss
369 silly packumentCache corgi:https://registry.npmjs.org/camelcase-css cache-miss
370 http cache caniuse-lite@https://registry.npmjs.org/caniuse-lite/-/caniuse-lite-1.0.30001810.tgz 0ms (cache hit)
371 silly packumentCache corgi:https://registry.npmjs.org/chokidar cache-miss
372 silly packumentCache corgi:https://registry.npmjs.org/callsites cache-miss
373 silly packumentCache corgi:https://registry.npmjs.org/call-bound cache-miss
374 silly packumentCache corgi:https://registry.npmjs.org/call-bind-apply-helpers cache-miss
375 silly packumentCache corgi:https://registry.npmjs.org/brace-expansion cache-miss
376 silly packumentCache corgi:https://registry.npmjs.org/busboy cache-miss
377 silly packumentCache corgi:https://registry.npmjs.org/braces cache-miss
378 silly packumentCache corgi:https://registry.npmjs.org/balanced-match cache-miss
379 silly packumentCache corgi:https://registry.npmjs.org/binary-extensions cache-miss
380 silly packumentCache corgi:https://registry.npmjs.org/call-bind cache-miss
381 silly packumentCache corgi:https://registry.npmjs.org/axe-core cache-miss
382 silly packumentCache corgi:https://registry.npmjs.org/axobject-query cache-miss
383 silly packumentCache corgi:https://registry.npmjs.org/ast-types-flow cache-miss
384 silly packumentCache corgi:https://registry.npmjs.org/arraybuffer.prototype.slice cache-miss
385 silly packumentCache corgi:https://registry.npmjs.org/async-function cache-miss
386 silly packumentCache corgi:https://registry.npmjs.org/available-typed-arrays cache-miss
387 silly packumentCache corgi:https://registry.npmjs.org/array.prototype.flatmap cache-miss
388 silly packumentCache corgi:https://registry.npmjs.org/array.prototype.tosorted cache-miss
389 silly packumentCache corgi:https://registry.npmjs.org/array.prototype.findlastindex cache-miss
390 silly packumentCache corgi:https://registry.npmjs.org/array.prototype.flat cache-miss
391 silly packumentCache corgi:https://registry.npmjs.org/array.prototype.findlast cache-miss
392 silly packumentCache corgi:https://registry.npmjs.org/array-union cache-miss
393 silly packumentCache corgi:https://registry.npmjs.org/array-includes cache-miss
394 silly packumentCache corgi:https://registry.npmjs.org/array-buffer-byte-length cache-miss
395 silly packumentCache corgi:https://registry.npmjs.org/arg cache-miss
396 silly packumentCache corgi:https://registry.npmjs.org/argparse cache-miss
397 silly packumentCache corgi:https://registry.npmjs.org/any-promise cache-miss
398 silly packumentCache corgi:https://registry.npmjs.org/ansi-styles cache-miss
399 silly packumentCache corgi:https://registry.npmjs.org/@unrs%2fresolver-binding-win32-x64-msvc cache-miss
400 silly packumentCache corgi:https://registry.npmjs.org/@ungap%2fstructured-clone cache-miss
401 silly packumentCache corgi:https://registry.npmjs.org/anymatch cache-miss
402 silly packumentCache corgi:https://registry.npmjs.org/ansi-regex cache-miss
403 silly packumentCache corgi:https://registry.npmjs.org/@typescript-eslint%2fvisitor-keys cache-miss
404 silly packumentCache corgi:https://registry.npmjs.org/acorn-jsx cache-miss
405 silly packumentCache corgi:https://registry.npmjs.org/acorn cache-miss
406 silly packumentCache corgi:https://registry.npmjs.org/@typescript-eslint%2ftypes cache-miss
407 silly packumentCache corgi:https://registry.npmjs.org/ajv cache-miss
408 silly packumentCache corgi:https://registry.npmjs.org/@types%2freact-dom cache-miss
409 silly packumentCache corgi:https://registry.npmjs.org/@typescript-eslint%2fparser cache-miss
410 silly packumentCache corgi:https://registry.npmjs.org/@typescript-eslint%2ftypescript-estree cache-miss
411 silly packumentCache corgi:https://registry.npmjs.org/@types%2fprop-types cache-miss
412 silly packumentCache corgi:https://registry.npmjs.org/@types%2freact cache-miss
413 silly packumentCache corgi:https://registry.npmjs.org/@typescript-eslint%2fscope-manager cache-miss
414 silly packumentCache corgi:https://registry.npmjs.org/@types%2fnode cache-miss
415 silly packumentCache corgi:https://registry.npmjs.org/@types%2fjson5 cache-miss
416 silly packumentCache corgi:https://registry.npmjs.org/@types%2fd3-time cache-miss
417 silly packumentCache corgi:https://registry.npmjs.org/@types%2fd3-scale cache-miss
418 silly packumentCache corgi:https://registry.npmjs.org/@types%2fd3-shape cache-miss
419 silly packumentCache corgi:https://registry.npmjs.org/@types%2fd3-timer cache-miss
420 silly packumentCache corgi:https://registry.npmjs.org/@types%2fd3-path cache-miss
421 silly packumentCache corgi:https://registry.npmjs.org/@rushstack%2feslint-patch cache-miss
422 silly packumentCache corgi:https://registry.npmjs.org/@types%2fd3-interpolate cache-miss
423 silly packumentCache corgi:https://registry.npmjs.org/@types%2fd3-ease cache-miss
424 silly packumentCache corgi:https://registry.npmjs.org/@types%2fd3-color cache-miss
425 http cache @swc/helpers@https://registry.npmjs.org/@swc/helpers/-/helpers-0.5.5.tgz 0ms (cache hit)
426 silly packumentCache corgi:https://registry.npmjs.org/@types%2fd3-array cache-miss
427 silly packumentCache corgi:https://registry.npmjs.org/@rtsao%2fscc cache-miss
428 silly packumentCache corgi:https://registry.npmjs.org/@swc%2fcounter cache-miss
429 silly packumentCache corgi:https://registry.npmjs.org/@nolyfill%2fis-core-module cache-miss
430 silly packumentCache corgi:https://registry.npmjs.org/@pkgjs%2fparseargs cache-miss
431 silly packumentCache corgi:https://registry.npmjs.org/@nodelib%2ffs.stat cache-miss
432 silly packumentCache corgi:https://registry.npmjs.org/@nodelib%2ffs.scandir cache-miss
433 silly packumentCache corgi:https://registry.npmjs.org/@jridgewell%2ftrace-mapping cache-miss
434 silly packumentCache corgi:https://registry.npmjs.org/@nodelib%2ffs.walk cache-miss
435 silly packumentCache corgi:https://registry.npmjs.org/@next%2fswc-win32-x64-msvc cache-miss
436 silly packumentCache corgi:https://registry.npmjs.org/@jridgewell%2fsourcemap-codec cache-miss
437 silly packumentCache corgi:https://registry.npmjs.org/@isaacs%2fcliui cache-miss
438 silly packumentCache corgi:https://registry.npmjs.org/@next%2feslint-plugin-next cache-miss
439 silly packumentCache corgi:https://registry.npmjs.org/@next%2fenv cache-miss
440 silly packumentCache corgi:https://registry.npmjs.org/@jridgewell%2fgen-mapping cache-miss
441 silly packumentCache corgi:https://registry.npmjs.org/@jridgewell%2fresolve-uri cache-miss
442 silly packumentCache corgi:https://registry.npmjs.org/@eslint%2feslintrc cache-miss
443 silly packumentCache corgi:https://registry.npmjs.org/@eslint%2fjs cache-miss
444 silly packumentCache corgi:https://registry.npmjs.org/@humanwhocodes%2fmodule-importer cache-miss
445 silly packumentCache corgi:https://registry.npmjs.org/@eslint-community%2feslint-utils cache-miss
446 silly packumentCache corgi:https://registry.npmjs.org/@humanwhocodes%2fobject-schema cache-miss
447 silly packumentCache corgi:https://registry.npmjs.org/@humanwhocodes%2fconfig-array cache-miss
448 silly packumentCache corgi:https://registry.npmjs.org/@eslint-community%2fregexpp cache-miss
449 silly packumentCache corgi:https://registry.npmjs.org/@alloc%2fquick-lru cache-miss
450 silly packumentCache corgi:https://registry.npmjs.org/string-width cache-miss
451 silly packumentCache corgi:https://registry.npmjs.org/emoji-regex cache-miss
452 silly packumentCache corgi:https://registry.npmjs.org/ansi-regex cache-miss
453 silly packumentCache corgi:https://registry.npmjs.org/strip-ansi cache-miss
454 silly packumentCache corgi:https://registry.npmjs.org/ansi-styles cache-miss
455 silly packumentCache corgi:https://registry.npmjs.org/picomatch cache-miss
456 silly packumentCache corgi:https://registry.npmjs.org/resolve cache-miss
457 http cache es-abstract@https://registry.npmjs.org/es-abstract/-/es-abstract-1.24.2.tgz 0ms (cache hit)
458 http cache es-abstract@https://registry.npmjs.org/es-abstract/-/es-abstract-1.24.2.tgz 0ms (cache hit)
459 http cache es-abstract@https://registry.npmjs.org/es-abstract/-/es-abstract-1.24.2.tgz 0ms (cache hit)
460 silly packumentCache corgi:https://registry.npmjs.org/fdir cache-miss
461 http cache es-abstract@https://registry.npmjs.org/es-abstract/-/es-abstract-1.24.2.tgz 0ms (cache hit)
462 silly packumentCache corgi:https://registry.npmjs.org/emoji-regex cache-miss
463 silly packumentCache corgi:https://registry.npmjs.org/strip-ansi cache-miss
464 silly packumentCache corgi:https://registry.npmjs.org/ansi-regex cache-miss
465 http cache es-abstract@https://registry.npmjs.org/es-abstract/-/es-abstract-1.24.2.tgz 0ms (cache hit)
466 silly packumentCache corgi:https://registry.npmjs.org/glob cache-miss
467 http cache es-abstract@https://registry.npmjs.org/es-abstract/-/es-abstract-1.24.2.tgz 0ms (cache hit)
468 silly packumentCache corgi:https://registry.npmjs.org/react-is cache-miss
469 http cache @babel/runtime@https://registry.npmjs.org/@babel/runtime/-/runtime-7.29.7.tgz 0ms (cache hit)
470 silly packumentCache corgi:https://registry.npmjs.org/resolve cache-miss
471 silly packumentCache corgi:https://registry.npmjs.org/glob-parent cache-miss
472 http cache es-abstract@https://registry.npmjs.org/es-abstract/-/es-abstract-1.24.2.tgz 0ms (cache hit)
473 silly packumentCache corgi:https://registry.npmjs.org/semver cache-miss
474 silly packumentCache corgi:https://registry.npmjs.org/postcss cache-miss
475 silly packumentCache corgi:https://registry.npmjs.org/minimatch cache-miss
476 silly packumentCache corgi:https://registry.npmjs.org/doctrine cache-miss
477 silly packumentCache corgi:https://registry.npmjs.org/semver cache-miss
478 silly packumentCache corgi:https://registry.npmjs.org/semver cache-miss
479 silly packumentCache corgi:https://registry.npmjs.org/doctrine cache-miss
480 silly packumentCache corgi:https://registry.npmjs.org/debug cache-miss
481 silly packumentCache corgi:https://registry.npmjs.org/debug cache-miss
482 silly packumentCache corgi:https://registry.npmjs.org/brace-expansion cache-miss
483 silly packumentCache corgi:https://registry.npmjs.org/debug cache-miss
484 http cache eslint-plugin-jsx-a11y@https://registry.npmjs.org/eslint-plugin-jsx-a11y/-/eslint-plugin-jsx-a11y-6.10.2.tgz 0ms (cache hit)
485 http cache @babel/runtime@https://registry.npmjs.org/@babel/runtime/-/runtime-7.29.7.tgz 0ms (cache hit)
486 http cache aria-query@https://registry.npmjs.org/aria-query/-/aria-query-5.3.2.tgz 0ms (cache hit)
487 silly packumentCache corgi:https://registry.npmjs.org/glob-parent cache-miss
488 http cache es-abstract@https://registry.npmjs.org/es-abstract/-/es-abstract-1.24.2.tgz 0ms (cache hit)
489 http cache es-abstract@https://registry.npmjs.org/es-abstract/-/es-abstract-1.24.2.tgz 0ms (cache hit)
490 http cache es-abstract@https://registry.npmjs.org/es-abstract/-/es-abstract-1.24.2.tgz 0ms (cache hit)
491 http cache es-abstract@https://registry.npmjs.org/es-abstract/-/es-abstract-1.24.2.tgz 0ms (cache hit)
492 http cache es-abstract@https://registry.npmjs.org/es-abstract/-/es-abstract-1.24.2.tgz 0ms (cache hit)
493 http cache es-abstract@https://registry.npmjs.org/es-abstract/-/es-abstract-1.24.2.tgz 0ms (cache hit)
494 http cache es-abstract@https://registry.npmjs.org/es-abstract/-/es-abstract-1.24.2.tgz 0ms (cache hit)
495 silly packumentCache corgi:https://registry.npmjs.org/minimatch cache-miss
496 http cache es-abstract@https://registry.npmjs.org/es-abstract/-/es-abstract-1.24.2.tgz 0ms (cache hit)
497 silly packumentCache corgi:https://registry.npmjs.org/ansi-regex cache-miss
498 silly tarball no local data for @emnapi/wasi-threads@https://registry.npmjs.org/@emnapi/wasi-threads/-/wasi-threads-1.2.3.tgz. Extracting by manifest.
499 silly packumentCache corgi:https://registry.npmjs.org/brace-expansion cache-miss
500 silly packumentCache corgi:https://registry.npmjs.org/strip-ansi cache-miss
501 silly tarball no local data for @babel/runtime@https://registry.npmjs.org/@babel/runtime/-/runtime-7.29.7.tgz. Extracting by manifest.
502 silly tarball no local data for @babel/runtime@https://registry.npmjs.org/@babel/runtime/-/runtime-7.29.7.tgz. Extracting by manifest.
503 http fetch POST 200 https://registry.npmjs.org/-/npm/v1/security/advisories/bulk 1021ms
504 silly audit report {
504 silly audit report   minimatch: [
504 silly audit report     {
504 silly audit report       id: 1113465,
504 silly audit report       url: 'https://github.com/advisories/GHSA-3ppc-4f35-3m26',
504 silly audit report       title: 'minimatch has a ReDoS via repeated wildcards with non-matching literal in pattern',
504 silly audit report       severity: 'high',
504 silly audit report       vulnerable_versions: '>=9.0.0 <9.0.6',
504 silly audit report       cwe: [Array],
504 silly audit report       cvss: [Object]
504 silly audit report     },
504 silly audit report     {
504 silly audit report       id: 1113544,
504 silly audit report       url: 'https://github.com/advisories/GHSA-7r86-cg39-jmmj',
504 silly audit report       title: 'minimatch has ReDoS: matchOne() combinatorial backtracking via multiple non-adjacent GLOBSTAR segments',
504 silly audit report       severity: 'high',
504 silly audit report       vulnerable_versions: '>=9.0.0 <9.0.7',
504 silly audit report       cwe: [Array],
504 silly audit report       cvss: [Object]
504 silly audit report     },
504 silly audit report     {
504 silly audit report       id: 1113552,
504 silly audit report       url: 'https://github.com/advisories/GHSA-23c5-xmqv-rm74',
504 silly audit report       title: 'minimatch ReDoS: nested *() extglobs generate catastrophically backtracking regular expressions',
504 silly audit report       severity: 'high',
504 silly audit report       vulnerable_versions: '>=9.0.0 <9.0.7',
504 silly audit report       cwe: [Array],
504 silly audit report       cvss: [Object]
504 silly audit report     }
504 silly audit report   ],
504 silly audit report   glob: [
504 silly audit report     {
504 silly audit report       id: 1109842,
504 silly audit report       url: 'https://github.com/advisories/GHSA-5j98-mcp5-4vw2',
504 silly audit report       title: 'glob CLI: Command injection via -c/--cmd executes matches with shell:true',
504 silly audit report       severity: 'high',
504 silly audit report       vulnerable_versions: '>=10.2.0 <10.5.0',
504 silly audit report       cwe: [Array],
504 silly audit report       cvss: [Object]
504 silly audit report     }
504 silly audit report   ],
504 silly audit report   next: [
504 silly audit report     {
504 silly audit report       id: 1099638,
504 silly audit report       url: 'https://github.com/advisories/GHSA-gp8f-8m3g-qvj9',
504 silly audit report       title: 'Next.js Cache Poisoning',
504 silly audit report       severity: 'high',
504 silly audit report       vulnerable_versions: '>=14.0.0 <14.2.10',
504 silly audit report       cwe: [Array],
504 silly audit report       cvss: [Object]
504 silly audit report     },
504 silly audit report     {
504 silly audit report       id: 1100421,
504 silly audit report       url: 'https://github.com/advisories/GHSA-g77x-44xx-532m',
504 silly audit report       title: 'Denial of Service condition in Next.js image optimization',
504 silly audit report       severity: 'moderate',
504 silly audit report       vulnerable_versions: '>=10.0.0 <14.2.7',
504 silly audit report       cwe: [Array],
504 silly audit report       cvss: [Object]
504 silly audit report     },
504 silly audit report     {
504 silly audit report       id: 1117931,
504 silly audit report       url: 'https://github.com/advisories/GHSA-8h8q-6873-q5fj',
504 silly audit report       title: 'Next.js Vulnerable to Denial of Service with Server Components',
504 silly audit report       severity: 'high',
504 silly audit report       vulnerable_versions: '>=13.0.0 <15.5.16',
504 silly audit report       cwe: [Array],
504 silly audit report       cvss: [Object]
504 silly audit report     },
504 silly audit report     {
504 silly audit report       id: 1101438,
504 silly audit report       url: 'https://github.com/advisories/GHSA-7m27-7ghc-44w9',
504 silly audit report       title: 'Next.js Allows a Denial of Service (DoS) with Server Actions',
504 silly audit report       severity: 'moderate',
504 silly audit report       vulnerable_versions: '>=14.0.0 <14.2.21',
504 silly audit report       cwe: [Array],
504 silly audit report       cvss: [Object]
504 silly audit report     },
504 silly audit report     {
504 silly audit report       id: 1105461,
504 silly audit report       url: 'https://github.com/advisories/GHSA-3h52-269p-cp9r',
504 silly audit report       title: 'Information exposure in Next.js dev server due to lack of origin verification',
504 silly audit report       severity: 'low',
504 silly audit report       vulnerable_versions: '>=13.0 <14.2.30',
504 silly audit report       cwe: [Array],
504 silly audit report       cvss: [Object]
504 silly audit report     },
504 silly audit report     {
504 silly audit report       id: 1111391,
504 silly audit report       url: 'https://github.com/advisories/GHSA-mwv6-3258-q52c',
504 silly audit report       title: 'Next Vulnerable to Denial of Service with Server Components',
504 silly audit report       severity: 'high',
504 silly audit report       vulnerable_versions: '>=13.3.0 <14.2.34',
504 silly audit report       cwe: [Array],
504 silly audit report       cvss: [Object]
504 silly audit report     },
504 silly audit report     {
504 silly audit report       id: 1107226,
504 silly audit report       url: 'https://github.com/advisories/GHSA-g5qg-72qw-gw5v',
504 silly audit report       title: 'Next.js Affected by Cache Key Confusion for Image Optimization API Routes',
504 silly audit report       severity: 'moderate',
504 silly audit report       vulnerable_versions: '>=0.9.9 <14.2.31',
504 silly audit report       cwe: [Array],
504 silly audit report       cvss: [Object]
504 silly audit report     },
504 silly audit report     {
504 silly audit report       id: 1107420,
504 silly audit report       url: 'https://github.com/advisories/GHSA-7gfc-8cq8-jh5f',
504 silly audit report       title: 'Next.js authorization bypass vulnerability',
504 silly audit report       severity: 'high',
504 silly audit report       vulnerable_versions: '>=9.5.5 <14.2.15',
504 silly audit report       cwe: [Array],
504 silly audit report       cvss: [Object]
504 silly audit report     },
504 silly audit report     {
504 silly audit report       id: 1107512,
504 silly audit report       url: 'https://github.com/advisories/GHSA-4342-x723-ch2f',
504 silly audit report       title: 'Next.js Improper Middleware Redirect Handling Leads to SSRF',
504 silly audit report       severity: 'moderate',
504 silly audit report       vulnerable_versions: '>=0.9.9 <14.2.32',
504 silly audit report       cwe: [Array],
504 silly audit report       cvss: [Object]
504 silly audit report     },
504 silly audit report     {
504 silly audit report       id: 1107513,
504 silly audit report       url: 'https://github.com/advisories/GHSA-xv57-4mr9-wg8v',
504 silly audit report       title: 'Next.js Content Injection Vulnerability for Image Optimization',
504 silly audit report       severity: 'moderate',
504 silly audit report       vulnerable_versions: '>=0.9.9 <14.2.31',
504 silly audit report       cwe: [Array],
504 silly audit report       cvss: [Object]
504 silly audit report     },
504 silly audit report     {
504 silly audit report       id: 1112182,
504 silly audit report       url: 'https://github.com/advisories/GHSA-5j59-xgg2-r9c4',
504 silly audit report       title: 'Next has a Denial of Service with Server Components - Incomplete Fix Follow-Up',
504 silly audit report       severity: 'high',
504 silly audit report       vulnerable_versions: '>=13.3.1-canary.0 <14.2.35',
504 silly audit report       cwe: [Array],
504 silly audit report       cvss: [Object]
504 silly audit report     },
504 silly audit report     {
504 silly audit report       id: 1108291,
504 silly audit report       url: 'https://github.com/advisories/GHSA-qpjv-v59x-3qc4',
504 silly audit report       title: 'Next.js Race Condition to Cache Poisoning',
504 silly audit report       severity: 'low',
504 silly audit report       vulnerable_versions: '>=0.9.9 <14.2.24',
504 silly audit report       cwe: [Array],
504 silly audit report       cvss: [Object]
504 silly audit report     },
504 silly audit report     {
504 silly audit report       id: 1118942,
504 silly audit report       url: 'https://github.com/advisories/GHSA-3g8h-86w9-wvmq',
504 silly audit report       title: "Next.js's Middleware / Proxy redirects can be cache-poisoned",
504 silly audit report       severity: 'low',
504 silly audit report       vulnerable_versions: '>=12.2.0 <15.5.16',
504 silly audit report       cwe: [Array],
504 silly audit report       cvss: [Object]
504 silly audit report     },
504 silly audit report     {
504 silly audit report       id: 1118944,
504 silly audit report       url: 'https://github.com/advisories/GHSA-ffhc-5mcf-pf4q',
504 silly audit report       title: 'Next.js vulnerable to cross-site scripting in App Router applications using CSP nonces',
504 silly audit report       severity: 'moderate',
504 silly audit report       vulnerable_versions: '>=13.4.0 <15.5.16',
504 silly audit report       cwe: [Array],
504 silly audit report       cvss: [Object]
504 silly audit report     },
504 silly audit report     {
504 silly audit report       id: 1118946,
504 silly audit report       url: 'https://github.com/advisories/GHSA-vfv6-92ff-j949',
504 silly audit report       title: 'Next.js vulnerable to cache poisoning via collisions in React Server Component cache-busting',
504 silly audit report       severity: 'low',
504 silly audit report       vulnerable_versions: '>=13.4.6 <15.5.16',
504 silly audit report       cwe: [Array],
504 silly audit report       cvss: [Object]
504 silly audit report     },
504 silly audit report     {
504 silly audit report       id: 1118948,
504 silly audit report       url: 'https://github.com/advisories/GHSA-gx5p-jg67-6x7h',
504 silly audit report       title: 'Next.js has cross-site scripting in beforeInteractive scripts with untrusted input',
504 silly audit report       severity: 'moderate',
504 silly audit report       vulnerable_versions: '>=13.0.0 <15.5.16',
504 silly audit report       cwe: [Array],
504 silly audit report       cvss: [Object]
504 silly audit report     },
504 silly audit report     {
504 silly audit report       id: 1118952,
504 silly audit report       url: 'https://github.com/advisories/GHSA-h64f-5h5j-jqjh',
504 silly audit report       title: 'Next.js has a Denial of Service in the Image Optimization API',
504 silly audit report       severity: 'moderate',
504 silly audit report       vulnerable_versions: '>=10.0.0 <15.5.16',
504 silly audit report       cwe: [Array],
504 silly audit report       cvss: [Object]
504 silly audit report     },
504 silly audit report     {
504 silly audit report       id: 1118954,
504 silly audit report       url: 'https://github.com/advisories/GHSA-c4j6-fc7j-m34r',
504 silly audit report       title: 'Next.js vulnerable to server-side request forgery in applications using WebSocket upgrades',
504 silly audit report       severity: 'high',
504 silly audit report       vulnerable_versions: '>=13.4.13 <15.5.16',
504 silly audit report       cwe: [Array],
504 silly audit report       cvss: [Object]
504 silly audit report     },
504 silly audit report     {
504 silly audit report       id: 1118958,
504 silly audit report       url: 'https://github.com/advisories/GHSA-wfc6-r584-vfw7',
504 silly audit report       title: 'Next.js vulnerable to cache poisoning in React Server Component responses',
504 silly audit report       severity: 'moderate',
504 silly audit report       vulnerable_versions: '>=14.2.0 <15.5.16',
504 silly audit report       cwe: [Array],
504 silly audit report       cvss: [Object]
504 silly audit report     },
504 silly audit report     {
504 silly audit report       id: 1118962,
504 silly audit report       url: 'https://github.com/advisories/GHSA-36qx-fr4f-26g5',
504 silly audit report       title: 'Next.js has a Middleware / Proxy bypass in Pages Router applications using i18n',
504 silly audit report       severity: 'high',
504 silly audit report       vulnerable_versions: '>=12.2.0 <15.5.16',
504 silly audit report       cwe: [Array],
504 silly audit report       cvss: [Object]
504 silly audit report     },
504 silly audit report     {
504 silly audit report       id: 1112593,
504 silly audit report       url: 'https://github.com/advisories/GHSA-9g9p-9gw9-jx7f',
504 silly audit report       title: 'Next.js self-hosted applications vulnerable to DoS via Image Optimizer remotePatterns configuration',
504 silly audit report       severity: 'moderate',
504 silly audit report       vulnerable_versions: '>=10.0.0 <15.5.10',
504 silly audit report       cwe: [Array],
504 silly audit report       cvss: [Object]
504 silly audit report     },
504 silly audit report     {
504 silly audit report       id: 1112653,
504 silly audit report       url: 'https://github.com/advisories/GHSA-h25m-26qc-wcjf',
504 silly audit report       title: 'Next.js HTTP request deserialization can lead to DoS when using insecure React Server Components',
504 silly audit report       severity: 'high',
504 silly audit report       vulnerable_versions: '>=13.0.0 <15.0.8',
504 silly audit report       cwe: [Array],
504 silly audit report       cvss: [Object]
504 silly audit report     },
504 silly audit report     {
504 silly audit report       id: 1113689,
504 silly audit report       url: 'https://github.com/advisories/GHSA-f82v-jwr5-mffw',
504 silly audit report       title: 'Authorization Bypass in Next.js Middleware',
504 silly audit report       severity: 'critical',
504 silly audit report       vulnerable_versions: '>=14.0.0 <14.2.25',
504 silly audit report       cwe: [Array],
504 silly audit report       cvss: [Object]
504 silly audit report     },
504 silly audit report     {
504 silly audit report       id: 1114897,
504 silly audit report       url: 'https://github.com/advisories/GHSA-ggv3-7p47-pfv8',
504 silly audit report       title: 'Next.js: HTTP request smuggling in rewrites',
504 silly audit report       severity: 'moderate',
504 silly audit report       vulnerable_versions: '>=9.5.0 <15.5.13',
504 silly audit report       cwe: [Array],
504 silly audit report       cvss: [Object]
504 silly audit report     },
504 silly audit report     {
504 silly audit report       id: 1114940,
504 silly audit report       url: 'https://github.com/advisories/GHSA-3x4c-7xq6-9pq8',
504 silly audit report       title: 'Next.js: Unbounded next/image disk cache growth can exhaust storage',
504 silly audit report       severity: 'moderate',
504 silly audit report       vulnerable_versions: '>=10.0.0 <15.5.14',
504 silly audit report       cwe: [Array],
504 silly audit report       cvss: [Object]
504 silly audit report     },
504 silly audit report     {
504 silly audit report       id: 1116376,
504 silly audit report       url: 'https://github.com/advisories/GHSA-q4gf-8mx6-v5v3',
504 silly audit report       title: 'Next.js has a Denial of Service with Server Components',
504 silly audit report       severity: 'high',
504 silly audit report       vulnerable_versions: '>=13.0.0 <15.5.15',
504 silly audit report       cwe: [Array],
504 silly audit report       cvss: [Object]
504 silly audit report     },
504 silly audit report     {
504 silly audit report       id: 1124185,
504 silly audit report       url: 'https://github.com/advisories/GHSA-89xv-2m56-2m9x',
504 silly audit report       title: 'Next.js: Server-Side Request Forgery in Server Actions on custom servers',
504 silly audit report       severity: 'high',
504 silly audit report       vulnerable_versions: '>=14.1.1 <15.5.21',
504 silly audit report       cwe: [Array],
504 silly audit report       cvss: [Object]
504 silly audit report     },
504 silly audit report     {
504 silly audit report       id: 1124172,
504 silly audit report       url: 'https://github.com/advisories/GHSA-m99w-x7hq-7vfj',
504 silly audit report       title: 'Next.js: Denial of Service in App Router using Server Actions',
504 silly audit report       severity: 'high',
504 silly audit report       vulnerable_versions: '>=13.0.0 <15.5.21',
504 silly audit report       cwe: [Array],
504 silly audit report       cvss: [Object]
504 silly audit report     },
504 silly audit report     {
504 silly audit report       id: 1124187,
504 silly audit report       url: 'https://github.com/advisories/GHSA-68g3-v927-f742',
504 silly audit report       title: 'Next.js: Cache confusion of response bodies for requests with bodies',
504 silly audit report       severity: 'moderate',
504 silly audit report       vulnerable_versions: '>=13.0.0 <15.5.21',
504 silly audit report       cwe: [Array],
504 silly audit report       cvss: [Object]
504 silly audit report     },
504 silly audit report     {
504 silly audit report       id: 1124189,
504 silly audit report       url: 'https://github.com/advisories/GHSA-4633-3j49-mh5q',
504 silly audit report       title: 'Next.js: Cache confusion of response bodies for requests with bodies containing invalid UTF-8 byte sequences',
504 silly audit report       severity: 'moderate',
504 silly audit report       vulnerable_versions: '>=13.0.0 <15.5.21',
504 silly audit report       cwe: [Array],
504 silly audit report       cvss: [Object]
504 silly audit report     },
504 silly audit report     {
504 silly audit report       id: 1124191,
504 silly audit report       url: 'https://github.com/advisories/GHSA-4c39-4ccg-62r3',
504 silly audit report       title: 'Next.js: Unbounded Server Action payload in Edge runtime',
504 silly audit report       severity: 'moderate',
504 silly audit report       vulnerable_versions: '>=13.0.0 <15.5.21',
504 silly audit report       cwe: [Array],
504 silly audit report       cvss: [Object]
504 silly audit report     },
504 silly audit report     {
504 silly audit report       id: 1124193,
504 silly audit report       url: 'https://github.com/advisories/GHSA-p9j2-gv94-2wf4',
504 silly audit report       title: 'Next.js: Server-Side Request Forgery in rewrites via attacker-controlled destination hostname',
504 silly audit report       severity: 'high',
504 silly audit report       vulnerable_versions: '>=12.0.0 <15.5.21',
504 silly audit report       cwe: [Array],
504 silly audit report       cvss: [Object]
504 silly audit report     },
504 silly audit report     {
504 silly audit report       id: 1124197,
504 silly audit report       url: 'https://github.com/advisories/GHSA-955p-x3mx-jcvp',
504 silly audit report       title: 'Next.js: Unauthenticated disclosure of internal Server Function endpoints',
504 silly audit report       severity: 'moderate',
504 silly audit report       vulnerable_versions: '>=13.0.0 <15.5.21',
504 silly audit report       cwe: [Array],
504 silly audit report       cvss: [Object]
504 silly audit report     }
504 silly audit report   ],
504 silly audit report   postcss: [
504 silly audit report     {
504 silly audit report       id: 1130709,
504 silly audit report       url: 'https://github.com/advisories/GHSA-fxqj-rqcc-2cmp',
504 silly audit report       title: 'PostCSS: incomplete fix of GHSA-6g55-p6wh-862q — attacker-controlled sourceMappingURL reads arbitrary .map files when `from` is unset',
504 silly audit report       severity: 'moderate',
504 silly audit report       vulnerable_versions: '<=8.5.22',
504 silly audit report       cwe: [Array],
504 silly audit report       cvss: [Object]
504 silly audit report     },
504 silly audit report     {
504 silly audit report       id: 1117015,
504 silly audit report       url: 'https://github.com/advisories/GHSA-qx2v-qp2m-jg93',
504 silly audit report       title: 'PostCSS has XSS via Unescaped </style> in its CSS Stringify Output',
504 silly audit report       severity: 'moderate',
504 silly audit report       vulnerable_versions: '<8.5.10',
504 silly audit report       cwe: [Array],
504 silly audit report       cvss: [Object]
504 silly audit report     },
504 silly audit report     {
504 silly audit report       id: 1124252,
504 silly audit report       url: 'https://github.com/advisories/GHSA-6g55-p6wh-862q',
504 silly audit report       title: 'PostCSS: Arbitrary file read and information disclosure via attacker-controlled sourceMappingURL in CSS comments',
504 silly audit report       severity: 'high',
504 silly audit report       vulnerable_versions: '<=8.5.11',
504 silly audit report       cwe: [Array],
504 silly audit report       cvss: [Object]
504 silly audit report     },
504 silly audit report     {
504 silly audit report       id: 1139510,
504 silly audit report       url: 'https://github.com/advisories/GHSA-r28c-9q8g-f849',
504 silly audit report       title: 'PostCSS: Path Traversal in Previous Source Map Auto-Loading (sourceMappingURL) leads to Arbitrary .map File Disclosure',
504 silly audit report       severity: 'high',
504 silly audit report       vulnerable_versions: '<=8.5.17',
504 silly audit report       cwe: [Array],
504 silly audit report       cvss: [Object]
504 silly audit report     }
504 silly audit report   ]
504 silly audit report }
505 silly packumentCache corgi:https://registry.npmjs.org/minimatch cache-miss
506 silly packumentCache corgi:https://registry.npmjs.org/glob cache-miss
507 silly packumentCache corgi:https://registry.npmjs.org/next cache-miss
508 silly packumentCache corgi:https://registry.npmjs.org/postcss cache-miss
509 http cache https://registry.npmjs.org/semver 1056ms (cache hit)
510 silly packumentCache corgi:https://registry.npmjs.org/semver set size:101435 disposed:false
511 http cache https://registry.npmjs.org/sucrase 1068ms (cache hit)
512 silly packumentCache corgi:https://registry.npmjs.org/sucrase set size:163085 disposed:false
513 http cache https://registry.npmjs.org/rimraf 1063ms (cache hit)
514 silly packumentCache corgi:https://registry.npmjs.org/rimraf set size:87794 disposed:false
515 http cache https://registry.npmjs.org/postcss 1060ms (cache hit)
516 silly packumentCache corgi:https://registry.npmjs.org/postcss set size:355680 disposed:false
517 http cache https://registry.npmjs.org/loose-envify 1058ms (cache hit)
518 silly packumentCache corgi:https://registry.npmjs.org/loose-envify set size:4759 disposed:false
519 http cache https://registry.npmjs.org/eslint-config-next 1044ms (cache hit)
520 silly packumentCache corgi:https://registry.npmjs.org/eslint-config-next set size:4071559 disposed:false
521 http cache https://registry.npmjs.org/which 1098ms (cache hit)
522 silly packumentCache corgi:https://registry.npmjs.org/which set size:29002 disposed:false
523 http cache https://registry.npmjs.org/nanoid 1080ms (cache hit)
524 silly packumentCache corgi:https://registry.npmjs.org/nanoid set size:158420 disposed:false
525 http cache https://registry.npmjs.org/napi-postinstall 1083ms (cache hit)
526 silly packumentCache corgi:https://registry.npmjs.org/napi-postinstall set size:14399 disposed:false
527 http cache https://registry.npmjs.org/minimatch 1083ms (cache hit)
528 silly packumentCache corgi:https://registry.npmjs.org/minimatch set size:169442 disposed:false
529 http cache https://registry.npmjs.org/cssesc 1060ms (cache hit)
530 silly packumentCache corgi:https://registry.npmjs.org/cssesc set size:5568 disposed:false
531 http cache https://registry.npmjs.org/jiti 1082ms (cache hit)
532 silly packumentCache corgi:https://registry.npmjs.org/jiti set size:233973 disposed:false
533 http cache https://registry.npmjs.org/glob 1073ms (cache hit)
534 silly packumentCache corgi:https://registry.npmjs.org/glob set size:199194 disposed:false
535 http cache https://registry.npmjs.org/json5 1090ms (cache hit)
536 silly packumentCache corgi:https://registry.npmjs.org/json5 set size:37495 disposed:false
537 http cache https://registry.npmjs.org/js-yaml 1089ms (cache hit)
538 silly packumentCache corgi:https://registry.npmjs.org/js-yaml set size:73144 disposed:false
539 http cache https://registry.npmjs.org/acorn 1066ms (cache hit)
540 silly packumentCache corgi:https://registry.npmjs.org/acorn set size:139420 disposed:false
541 http cache https://registry.npmjs.org/resolve 1063ms (cache hit)
542 silly packumentCache corgi:https://registry.npmjs.org/resolve set size:105902 disposed:false
543 http cache https://registry.npmjs.org/typescript 1128ms (cache hit)
544 silly packumentCache corgi:https://registry.npmjs.org/typescript set size:8653742 disposed:false
545 http cache https://registry.npmjs.org/@next%2feslint-plugin-next 1107ms (cache hit)
546 silly packumentCache corgi:https://registry.npmjs.org/@next%2feslint-plugin-next set size:3355605 disposed:false
547 http cache https://registry.npmjs.org/resolve 1157ms (cache hit)
548 silly packumentCache corgi:https://registry.npmjs.org/resolve set size:105902 disposed:false
549 silly packumentCache corgi:https://registry.npmjs.org/resolve dispose
550 http cache https://registry.npmjs.org/semver 1112ms (cache hit)
551 silly packumentCache corgi:https://registry.npmjs.org/semver set size:101435 disposed:false
552 silly packumentCache corgi:https://registry.npmjs.org/semver dispose
553 http cache https://registry.npmjs.org/resolve 1115ms (cache hit)
554 silly packumentCache corgi:https://registry.npmjs.org/resolve set size:105902 disposed:true
555 silly packumentCache corgi:https://registry.npmjs.org/resolve dispose
556 http cache https://registry.npmjs.org/semver 1116ms (cache hit)
557 silly packumentCache corgi:https://registry.npmjs.org/semver set size:101435 disposed:true
558 silly packumentCache corgi:https://registry.npmjs.org/semver dispose
559 http cache https://registry.npmjs.org/minimatch 1117ms (cache hit)
560 silly packumentCache corgi:https://registry.npmjs.org/minimatch set size:169442 disposed:false
561 silly packumentCache corgi:https://registry.npmjs.org/minimatch dispose
562 http cache https://registry.npmjs.org/semver 1120ms (cache hit)
563 silly packumentCache corgi:https://registry.npmjs.org/semver set size:101435 disposed:true
564 silly packumentCache corgi:https://registry.npmjs.org/semver dispose
565 http cache https://registry.npmjs.org/postcss 1122ms (cache hit)
566 silly packumentCache corgi:https://registry.npmjs.org/postcss set size:355680 disposed:false
567 silly packumentCache corgi:https://registry.npmjs.org/postcss dispose
568 http cache https://registry.npmjs.org/@typescript-eslint%2fparser 1146ms (cache hit)
569 silly packumentCache corgi:https://registry.npmjs.org/@typescript-eslint%2fparser set size:8307303 disposed:false
570 http cache https://registry.npmjs.org/@typescript-eslint%2ftypescript-estree 1181ms (cache hit)
571 silly packumentCache corgi:https://registry.npmjs.org/@typescript-eslint%2ftypescript-estree set size:8939715 disposed:false
572 http cache https://registry.npmjs.org/glob 1214ms (cache hit)
573 silly packumentCache corgi:https://registry.npmjs.org/glob set size:199194 disposed:false
574 silly packumentCache corgi:https://registry.npmjs.org/glob dispose
575 http cache https://registry.npmjs.org/minimatch 1211ms (cache hit)
576 silly packumentCache corgi:https://registry.npmjs.org/minimatch set size:169442 disposed:true
577 silly packumentCache corgi:https://registry.npmjs.org/minimatch dispose
578 http cache https://registry.npmjs.org/glob 386ms (cache hit)
579 silly packumentCache corgi:https://registry.npmjs.org/glob set size:199194 disposed:true
580 silly packumentCache corgi:https://registry.npmjs.org/glob dispose
581 http cache https://registry.npmjs.org/minimatch 390ms (cache hit)
582 silly packumentCache corgi:https://registry.npmjs.org/minimatch set size:169442 disposed:true
583 silly packumentCache corgi:https://registry.npmjs.org/minimatch dispose
584 http cache https://registry.npmjs.org/postcss 391ms (cache hit)
585 silly packumentCache corgi:https://registry.npmjs.org/postcss set size:355680 disposed:true
586 silly packumentCache corgi:https://registry.npmjs.org/postcss dispose
587 http cache https://registry.npmjs.org/next 431ms (cache hit)
588 silly packumentCache corgi:https://registry.npmjs.org/next set size:25490482 disposed:false
589 silly packumentCache corgi:https://registry.npmjs.org/@typescript-eslint%2ftypescript-estree cache-miss
590 http fetch GET 200 https://registry.npmjs.org/typed-array-length 2765ms (cache miss)
591 silly packumentCache corgi:https://registry.npmjs.org/typed-array-length set size:undefined disposed:false
592 http fetch GET 200 https://registry.npmjs.org/yocto-queue 2797ms (cache miss)
593 silly packumentCache corgi:https://registry.npmjs.org/yocto-queue set size:undefined disposed:false
594 http fetch GET 200 https://registry.npmjs.org/util-deprecate 2798ms (cache miss)
595 silly packumentCache corgi:https://registry.npmjs.org/util-deprecate set size:undefined disposed:false
596 http fetch GET 200 https://registry.npmjs.org/which-collection 2840ms (cache miss)
597 silly packumentCache corgi:https://registry.npmjs.org/which-collection set size:undefined disposed:false
598 http cache https://registry.npmjs.org/semver/-/semver-7.8.5.tgz 1857ms (cache hit)
599 http cache https://registry.npmjs.org/loose-envify/-/loose-envify-1.4.0.tgz 1851ms (cache hit)
600 http cache https://registry.npmjs.org/sucrase/-/sucrase-3.35.1.tgz 1858ms (cache hit)
601 http cache https://registry.npmjs.org/rimraf/-/rimraf-3.0.2.tgz 1859ms (cache hit)
602 http cache https://registry.npmjs.org/nanoid/-/nanoid-3.3.18.tgz 1834ms (cache hit)
603 http cache https://registry.npmjs.org/which/-/which-2.0.2.tgz 1861ms (cache hit)
604 http cache https://registry.npmjs.org/napi-postinstall/-/napi-postinstall-0.3.4.tgz 1857ms (cache hit)
605 http cache https://registry.npmjs.org/jiti/-/jiti-1.21.7.tgz 1851ms (cache hit)
606 http cache https://registry.npmjs.org/cssesc/-/cssesc-3.0.0.tgz 1856ms (cache hit)
607 http cache https://registry.npmjs.org/glob/-/glob-10.3.10.tgz 1852ms (cache hit)
608 http cache https://registry.npmjs.org/js-yaml/-/js-yaml-4.3.1.tgz 1849ms (cache hit)
609 http cache https://registry.npmjs.org/acorn/-/acorn-8.18.0.tgz 1849ms (cache hit)
610 http cache https://registry.npmjs.org/resolve/-/resolve-1.22.12.tgz 1848ms (cache hit)
611 http cache https://registry.npmjs.org/resolve/-/resolve-2.0.0-next.7.tgz 1797ms (cache hit)
612 http cache https://registry.npmjs.org/resolve/-/resolve-1.22.12.tgz 1793ms (cache hit)
613 http cache https://registry.npmjs.org/semver/-/semver-6.3.1.tgz 1796ms (cache hit)
614 http cache https://registry.npmjs.org/typescript/-/typescript-5.9.3.tgz 1821ms (cache hit)
615 http cache https://registry.npmjs.org/semver/-/semver-6.3.1.tgz 1796ms (cache hit)
616 http cache https://registry.npmjs.org/json5/-/json5-1.0.2.tgz 1864ms (cache hit)
617 http fetch GET 200 https://registry.npmjs.org/word-wrap 2982ms (cache miss)
618 silly packumentCache corgi:https://registry.npmjs.org/word-wrap set size:undefined disposed:false
619 http fetch GET 200 https://registry.npmjs.org/unbox-primitive 2985ms (cache miss)
620 silly packumentCache corgi:https://registry.npmjs.org/unbox-primitive set size:undefined disposed:false
621 http fetch GET 200 https://registry.npmjs.org/typed-array-byte-length 2997ms (cache miss)
622 silly packumentCache corgi:https://registry.npmjs.org/typed-array-byte-length set size:undefined disposed:false
623 http fetch GET 200 https://registry.npmjs.org/wrappy 3010ms (cache miss)
624 silly packumentCache corgi:https://registry.npmjs.org/wrappy set size:undefined disposed:false
625 http cache https://registry.npmjs.org/semver/-/semver-6.3.1.tgz 1852ms (cache hit)
626 http fetch GET 200 https://registry.npmjs.org/unrs-resolver 3035ms (cache miss)
627 silly packumentCache corgi:https://registry.npmjs.org/unrs-resolver set size:undefined disposed:false
628 http fetch GET 200 https://registry.npmjs.org/uri-js 3037ms (cache miss)
629 silly packumentCache corgi:https://registry.npmjs.org/uri-js set size:undefined disposed:false
630 http fetch GET 200 https://registry.npmjs.org/typed-array-byte-offset 3039ms (cache miss)
631 silly packumentCache corgi:https://registry.npmjs.org/typed-array-byte-offset set size:undefined disposed:false
632 http fetch GET 200 https://registry.npmjs.org/typed-array-buffer 3045ms (cache miss)
633 silly packumentCache corgi:https://registry.npmjs.org/typed-array-buffer set size:undefined disposed:false
634 http fetch GET 200 https://registry.npmjs.org/supports-preserve-symlinks-flag 3048ms (cache miss)
635 silly packumentCache corgi:https://registry.npmjs.org/supports-preserve-symlinks-flag set size:undefined disposed:false
636 http fetch GET 200 https://registry.npmjs.org/which-typed-array 3069ms (cache miss)
637 silly packumentCache corgi:https://registry.npmjs.org/which-typed-array set size:undefined disposed:false
638 http fetch GET 200 https://registry.npmjs.org/streamsearch 3075ms (cache miss)
639 silly packumentCache corgi:https://registry.npmjs.org/streamsearch set size:undefined disposed:false
640 http fetch GET 200 https://registry.npmjs.org/tiny-invariant 3082ms (cache miss)
641 silly packumentCache corgi:https://registry.npmjs.org/tiny-invariant set size:undefined disposed:false
642 http fetch GET 200 https://registry.npmjs.org/text-table 3084ms (cache miss)
643 silly packumentCache corgi:https://registry.npmjs.org/text-table set size:undefined disposed:false
644 http cache https://registry.npmjs.org/@typescript-eslint%2ftypescript-estree 590ms (cache hit)
645 silly packumentCache corgi:https://registry.npmjs.org/@typescript-eslint%2ftypescript-estree set size:8939715 disposed:false
646 silly packumentCache corgi:https://registry.npmjs.org/@next%2feslint-plugin-next cache-miss
647 http fetch GET 200 https://registry.npmjs.org/stop-iteration-iterator 3227ms (cache miss)
648 silly packumentCache corgi:https://registry.npmjs.org/stop-iteration-iterator set size:undefined disposed:false
649 http fetch GET 200 https://registry.npmjs.org/string.prototype.repeat 3230ms (cache miss)
650 silly packumentCache corgi:https://registry.npmjs.org/string.prototype.repeat set size:undefined disposed:false
651 http fetch GET 200 https://registry.npmjs.org/type-check 3237ms (cache miss)
652 silly packumentCache corgi:https://registry.npmjs.org/type-check set size:undefined disposed:false
653 http fetch GET 200 https://registry.npmjs.org/thenify-all 3237ms (cache miss)
654 silly packumentCache corgi:https://registry.npmjs.org/thenify-all set size:undefined disposed:false
655 http fetch GET 200 https://registry.npmjs.org/thenify 3249ms (cache miss)
656 silly packumentCache corgi:https://registry.npmjs.org/thenify set size:undefined disposed:false
657 http fetch GET 200 https://registry.npmjs.org/wrap-ansi 3260ms (cache miss)
658 silly packumentCache corgi:https://registry.npmjs.org/wrap-ansi set size:undefined disposed:false
659 http fetch GET 200 https://registry.npmjs.org/set-function-name 3252ms (cache miss)
660 silly packumentCache corgi:https://registry.npmjs.org/set-function-name set size:undefined disposed:false
661 http fetch GET 200 https://registry.npmjs.org/string.prototype.includes 3257ms (cache miss)
662 silly packumentCache corgi:https://registry.npmjs.org/string.prototype.includes set size:undefined disposed:false
663 http fetch GET 200 https://registry.npmjs.org/which-boxed-primitive 3268ms (cache miss)
664 silly packumentCache corgi:https://registry.npmjs.org/which-boxed-primitive set size:undefined disposed:false
665 http fetch GET 200 https://registry.npmjs.org/strip-bom 3268ms (cache miss)
666 silly packumentCache corgi:https://registry.npmjs.org/strip-bom set size:undefined disposed:false
667 http fetch GET 200 https://registry.npmjs.org/set-proto 3270ms (cache miss)
668 silly packumentCache corgi:https://registry.npmjs.org/set-proto set size:undefined disposed:false
669 http fetch GET 200 https://registry.npmjs.org/strip-json-comments 3277ms (cache miss)
670 silly packumentCache corgi:https://registry.npmjs.org/strip-json-comments set size:undefined disposed:false
671 http fetch GET 200 https://registry.npmjs.org/set-function-length 3280ms (cache miss)
672 silly packumentCache corgi:https://registry.npmjs.org/set-function-length set size:undefined disposed:false
673 http fetch GET 200 https://registry.npmjs.org/resolve-from 3294ms (cache miss)
674 silly packumentCache corgi:https://registry.npmjs.org/resolve-from set size:undefined disposed:false
675 http fetch GET 200 https://registry.npmjs.org/wrap-ansi 3311ms (cache miss)
676 silly packumentCache corgi:https://registry.npmjs.org/wrap-ansi set size:undefined disposed:false
677 http fetch GET 200 https://registry.npmjs.org/which-builtin-type 3312ms (cache miss)
678 silly packumentCache corgi:https://registry.npmjs.org/which-builtin-type set size:undefined disposed:false
679 http fetch GET 200 https://registry.npmjs.org/stable-hash 3305ms (cache miss)
680 silly packumentCache corgi:https://registry.npmjs.org/stable-hash set size:undefined disposed:false
681 http fetch GET 200 https://registry.npmjs.org/reusify 3303ms (cache miss)
682 silly packumentCache corgi:https://registry.npmjs.org/reusify set size:undefined disposed:false
683 http fetch GET 200 https://registry.npmjs.org/shebang-regex 3308ms (cache miss)
684 silly packumentCache corgi:https://registry.npmjs.org/shebang-regex set size:undefined disposed:false
685 http fetch GET 200 https://registry.npmjs.org/side-channel 3310ms (cache miss)
686 silly packumentCache corgi:https://registry.npmjs.org/side-channel set size:undefined disposed:false
687 http fetch GET 200 https://registry.npmjs.org/safe-array-concat 3315ms (cache miss)
688 silly packumentCache corgi:https://registry.npmjs.org/safe-array-concat set size:undefined disposed:false
689 http fetch GET 200 https://registry.npmjs.org/side-channel-weakmap 3320ms (cache miss)
690 silly packumentCache corgi:https://registry.npmjs.org/side-channel-weakmap set size:undefined disposed:false
691 http fetch GET 200 https://registry.npmjs.org/to-regex-range 3327ms (cache miss)
692 silly packumentCache corgi:https://registry.npmjs.org/to-regex-range set size:undefined disposed:false
693 http fetch GET 200 https://registry.npmjs.org/source-map-js 3323ms (cache miss)
694 silly packumentCache corgi:https://registry.npmjs.org/source-map-js set size:undefined disposed:false
695 http fetch GET 200 https://registry.npmjs.org/signal-exit 3329ms (cache miss)
696 silly packumentCache corgi:https://registry.npmjs.org/signal-exit set size:undefined disposed:false
697 http fetch GET 200 https://registry.npmjs.org/strip-ansi 3336ms (cache miss)
698 silly packumentCache corgi:https://registry.npmjs.org/strip-ansi set size:undefined disposed:false
699 http fetch GET 200 https://registry.npmjs.org/slash 3338ms (cache miss)
700 silly packumentCache corgi:https://registry.npmjs.org/slash set size:undefined disposed:false
701 http fetch GET 200 https://registry.npmjs.org/ts-interface-checker 3345ms (cache miss)
702 silly packumentCache corgi:https://registry.npmjs.org/ts-interface-checker set size:undefined disposed:false
703 http fetch GET 200 https://registry.npmjs.org/tinyglobby 3347ms (cache miss)
704 silly packumentCache corgi:https://registry.npmjs.org/tinyglobby set size:undefined disposed:false
705 http fetch GET 200 https://registry.npmjs.org/string.prototype.trim 3350ms (cache miss)
706 silly packumentCache corgi:https://registry.npmjs.org/string.prototype.trim set size:undefined disposed:false
707 http fetch GET 200 https://registry.npmjs.org/string.prototype.trimstart 3354ms (cache miss)
708 silly packumentCache corgi:https://registry.npmjs.org/string.prototype.trimstart set size:undefined disposed:false
709 http fetch GET 200 https://registry.npmjs.org/shebang-command 3352ms (cache miss)
710 silly packumentCache corgi:https://registry.npmjs.org/shebang-command set size:undefined disposed:false
711 http fetch GET 200 https://registry.npmjs.org/safe-push-apply 3376ms (cache miss)
712 silly packumentCache corgi:https://registry.npmjs.org/safe-push-apply set size:undefined disposed:false
713 http fetch GET 200 https://registry.npmjs.org/side-channel-list 3377ms (cache miss)
714 silly packumentCache corgi:https://registry.npmjs.org/side-channel-list set size:undefined disposed:false
715 http fetch GET 200 https://registry.npmjs.org/safe-regex-test 3377ms (cache miss)
716 silly packumentCache corgi:https://registry.npmjs.org/safe-regex-test set size:undefined disposed:false
717 http fetch GET 200 https://registry.npmjs.org/undici-types 3388ms (cache miss)
718 silly packumentCache corgi:https://registry.npmjs.org/undici-types set size:undefined disposed:false
719 http fetch GET 200 https://registry.npmjs.org/reflect.getprototypeof 3378ms (cache miss)
720 silly packumentCache corgi:https://registry.npmjs.org/reflect.getprototypeof set size:undefined disposed:false
721 http fetch GET 200 https://registry.npmjs.org/strip-ansi 3389ms (cache miss)
722 silly packumentCache corgi:https://registry.npmjs.org/strip-ansi set size:undefined disposed:false
723 http fetch GET 200 https://registry.npmjs.org/regexp.prototype.flags 3382ms (cache miss)
724 silly packumentCache corgi:https://registry.npmjs.org/regexp.prototype.flags set size:undefined disposed:false
725 http fetch GET 200 https://registry.npmjs.org/string-width 3391ms (cache miss)
726 silly packumentCache corgi:https://registry.npmjs.org/string-width set size:undefined disposed:false
727 http fetch GET 200 https://registry.npmjs.org/run-parallel 3389ms (cache miss)
728 silly packumentCache corgi:https://registry.npmjs.org/run-parallel set size:undefined disposed:false
729 http fetch GET 200 https://registry.npmjs.org/readdirp 3386ms (cache miss)
730 silly packumentCache corgi:https://registry.npmjs.org/readdirp set size:undefined disposed:false
731 http fetch GET 200 https://registry.npmjs.org/side-channel-map 3393ms (cache miss)
732 silly packumentCache corgi:https://registry.npmjs.org/side-channel-map set size:undefined disposed:false
733 http fetch GET 200 https://registry.npmjs.org/string.prototype.trimend 3396ms (cache miss)
734 silly packumentCache corgi:https://registry.npmjs.org/string.prototype.trimend set size:undefined disposed:false
735 http fetch GET 200 https://registry.npmjs.org/postcss-value-parser 3395ms (cache miss)
736 silly packumentCache corgi:https://registry.npmjs.org/postcss-value-parser set size:undefined disposed:false
737 http fetch GET 200 https://registry.npmjs.org/prelude-ls 3398ms (cache miss)
738 silly packumentCache corgi:https://registry.npmjs.org/prelude-ls set size:undefined disposed:false
739 http fetch GET 200 https://registry.npmjs.org/read-cache 3408ms (cache miss)
740 silly packumentCache corgi:https://registry.npmjs.org/read-cache set size:undefined disposed:false
741 http fetch GET 200 https://registry.npmjs.org/prop-types 3416ms (cache miss)
742 silly packumentCache corgi:https://registry.npmjs.org/prop-types set size:undefined disposed:false
743 http fetch GET 200 https://registry.npmjs.org/tslib 3433ms (cache miss)
744 silly packumentCache corgi:https://registry.npmjs.org/tslib set size:undefined disposed:false
745 http fetch GET 200 https://registry.npmjs.org/string-width 3431ms (cache miss)
746 silly packumentCache corgi:https://registry.npmjs.org/string-width set size:undefined disposed:false
747 http fetch GET 200 https://registry.npmjs.org/supports-color 3452ms (cache miss)
748 silly packumentCache corgi:https://registry.npmjs.org/supports-color set size:undefined disposed:false
749 http fetch GET 200 https://registry.npmjs.org/resolve-pkg-maps 3449ms (cache miss)
750 silly packumentCache corgi:https://registry.npmjs.org/resolve-pkg-maps set size:undefined disposed:false
751 http fetch GET 200 https://registry.npmjs.org/tsconfig-paths 3471ms (cache miss)
752 silly packumentCache corgi:https://registry.npmjs.org/tsconfig-paths set size:undefined disposed:false
753 http fetch GET 200 https://registry.npmjs.org/pirates 3461ms (cache miss)
754 silly packumentCache corgi:https://registry.npmjs.org/pirates set size:undefined disposed:false
755 http fetch GET 200 https://registry.npmjs.org/path-type 3465ms (cache miss)
756 silly packumentCache corgi:https://registry.npmjs.org/path-type set size:undefined disposed:false
757 http fetch GET 200 https://registry.npmjs.org/string.prototype.matchall 3482ms (cache miss)
758 silly packumentCache corgi:https://registry.npmjs.org/string.prototype.matchall set size:undefined disposed:false
759 http fetch GET 200 https://registry.npmjs.org/ts-api-utils 3490ms (cache miss)
760 silly packumentCache corgi:https://registry.npmjs.org/ts-api-utils set size:undefined disposed:false
761 http fetch GET 200 https://registry.npmjs.org/punycode 3482ms (cache miss)
762 silly packumentCache corgi:https://registry.npmjs.org/punycode set size:undefined disposed:false
763 http fetch GET 200 https://registry.npmjs.org/possible-typed-array-names 3484ms (cache miss)
764 silly packumentCache corgi:https://registry.npmjs.org/possible-typed-array-names set size:undefined disposed:false
765 http cache https://registry.npmjs.org/@next%2feslint-plugin-next 294ms (cache hit)
766 silly packumentCache corgi:https://registry.npmjs.org/@next%2feslint-plugin-next set size:3355605 disposed:false
767 http fetch GET 200 https://registry.npmjs.org/path-scurry 3560ms (cache miss)
768 silly packumentCache corgi:https://registry.npmjs.org/path-scurry set size:undefined disposed:false
769 http fetch GET 200 https://registry.npmjs.org/picocolors 3563ms (cache miss)
770 silly packumentCache corgi:https://registry.npmjs.org/picocolors set size:undefined disposed:false
771 http fetch GET 200 https://registry.npmjs.org/queue-microtask 3569ms (cache miss)
772 silly packumentCache corgi:https://registry.npmjs.org/queue-microtask set size:undefined disposed:false
773 http fetch GET 200 https://registry.npmjs.org/react-transition-group 3571ms (cache miss)
774 silly packumentCache corgi:https://registry.npmjs.org/react-transition-group set size:undefined disposed:false
775 http fetch GET 200 https://registry.npmjs.org/recharts-scale 3578ms (cache miss)
776 silly packumentCache corgi:https://registry.npmjs.org/recharts-scale set size:undefined disposed:false
777 http fetch GET 200 https://registry.npmjs.org/path-parse 3575ms (cache miss)
778 silly packumentCache corgi:https://registry.npmjs.org/path-parse set size:undefined disposed:false
779 http fetch GET 200 https://registry.npmjs.org/path-exists 3582ms (cache miss)
780 silly packumentCache corgi:https://registry.npmjs.org/path-exists set size:undefined disposed:false
781 http fetch GET 200 https://registry.npmjs.org/styled-jsx 3597ms (cache miss)
782 silly packumentCache corgi:https://registry.npmjs.org/styled-jsx set size:undefined disposed:false
783 http fetch GET 200 https://registry.npmjs.org/picomatch 3590ms (cache miss)
784 silly packumentCache corgi:https://registry.npmjs.org/picomatch set size:undefined disposed:false
785 http fetch GET 200 https://registry.npmjs.org/postcss-load-config 3592ms (cache miss)
786 silly packumentCache corgi:https://registry.npmjs.org/postcss-load-config set size:undefined disposed:false
787 http fetch GET 200 https://registry.npmjs.org/p-locate 3593ms (cache miss)
788 silly packumentCache corgi:https://registry.npmjs.org/p-locate set size:undefined disposed:false
789 http fetch GET 200 https://registry.npmjs.org/path-key 3596ms (cache miss)
790 silly packumentCache corgi:https://registry.npmjs.org/path-key set size:undefined disposed:false
791 http fetch GET 200 https://registry.npmjs.org/postcss-import 3607ms (cache miss)
792 silly packumentCache corgi:https://registry.npmjs.org/postcss-import set size:undefined disposed:false
793 http fetch GET 200 https://registry.npmjs.org/path-is-absolute 3613ms (cache miss)
794 silly packumentCache corgi:https://registry.npmjs.org/path-is-absolute set size:undefined disposed:false
795 http fetch GET 200 https://registry.npmjs.org/postcss-nested 3633ms (cache miss)
796 silly packumentCache corgi:https://registry.npmjs.org/postcss-nested set size:undefined disposed:false
797 http fetch GET 200 https://registry.npmjs.org/postcss-js 3644ms (cache miss)
798 silly packumentCache corgi:https://registry.npmjs.org/postcss-js set size:undefined disposed:false
799 http fetch GET 200 https://registry.npmjs.org/react-smooth 3649ms (cache miss)
800 silly packumentCache corgi:https://registry.npmjs.org/react-smooth set size:undefined disposed:false
801 http fetch GET 200 https://registry.npmjs.org/parent-module 3654ms (cache miss)
802 silly packumentCache corgi:https://registry.npmjs.org/parent-module set size:undefined disposed:false
803 http fetch GET 200 https://registry.npmjs.org/p-limit 3686ms (cache miss)
804 silly packumentCache corgi:https://registry.npmjs.org/p-limit set size:undefined disposed:false
805 http fetch GET 200 https://registry.npmjs.org/once 3696ms (cache miss)
806 silly packumentCache corgi:https://registry.npmjs.org/once set size:undefined disposed:false
807 http fetch GET 200 https://registry.npmjs.org/object.fromentries 3703ms (cache miss)
808 silly packumentCache corgi:https://registry.npmjs.org/object.fromentries set size:undefined disposed:false
809 silly packumentCache corgi:https://registry.npmjs.org/@typescript-eslint%2fparser cache-miss
810 http fetch GET 200 https://registry.npmjs.org/own-keys 3754ms (cache miss)
811 silly packumentCache corgi:https://registry.npmjs.org/own-keys set size:undefined disposed:false
812 http fetch GET 200 https://registry.npmjs.org/optionator 3755ms (cache miss)
813 silly packumentCache corgi:https://registry.npmjs.org/optionator set size:undefined disposed:false
814 http fetch GET 200 https://registry.npmjs.org/object.assign 3757ms (cache miss)
815 silly packumentCache corgi:https://registry.npmjs.org/object.assign set size:undefined disposed:false
816 http fetch GET 200 https://registry.npmjs.org/object-inspect 3766ms (cache miss)
817 silly packumentCache corgi:https://registry.npmjs.org/object-inspect set size:undefined disposed:false
818 http fetch GET 200 https://registry.npmjs.org/object.values 3771ms (cache miss)
819 silly packumentCache corgi:https://registry.npmjs.org/object.values set size:undefined disposed:false
820 http fetch GET 200 https://registry.npmjs.org/postcss-selector-parser 3777ms (cache miss)
821 silly packumentCache corgi:https://registry.npmjs.org/postcss-selector-parser set size:undefined disposed:false
822 http fetch GET 200 https://registry.npmjs.org/object.entries 3787ms (cache miss)
823 silly packumentCache corgi:https://registry.npmjs.org/object.entries set size:undefined disposed:false
824 http fetch GET 200 https://registry.npmjs.org/normalize-path 3795ms (cache miss)
825 silly packumentCache corgi:https://registry.npmjs.org/normalize-path set size:undefined disposed:false
826 http fetch GET 200 https://registry.npmjs.org/natural-compare 3797ms (cache miss)
827 silly packumentCache corgi:https://registry.npmjs.org/natural-compare set size:undefined disposed:false
828 http fetch GET 200 https://registry.npmjs.org/type-fest 3818ms (cache miss)
829 silly packumentCache corgi:https://registry.npmjs.org/type-fest set size:undefined disposed:false
830 http fetch GET 200 https://registry.npmjs.org/object-assign 3803ms (cache miss)
831 silly packumentCache corgi:https://registry.npmjs.org/object-assign set size:undefined disposed:false
832 http fetch GET 200 https://registry.npmjs.org/mz 3805ms (cache miss)
833 silly packumentCache corgi:https://registry.npmjs.org/mz set size:undefined disposed:false
834 http fetch GET 200 https://registry.npmjs.org/ms 3811ms (cache miss)
835 silly packumentCache corgi:https://registry.npmjs.org/ms set size:undefined disposed:false
836 http fetch GET 200 https://registry.npmjs.org/object-keys 3814ms (cache miss)
837 silly packumentCache corgi:https://registry.npmjs.org/object-keys set size:undefined disposed:false
838 http fetch GET 200 https://registry.npmjs.org/node-exports-info 3816ms (cache miss)
839 silly packumentCache corgi:https://registry.npmjs.org/node-exports-info set size:undefined disposed:false
840 http fetch GET 200 https://registry.npmjs.org/minimist 3822ms (cache miss)
841 silly packumentCache corgi:https://registry.npmjs.org/minimist set size:undefined disposed:false
842 http fetch GET 200 https://registry.npmjs.org/object-hash 3829ms (cache miss)
843 silly packumentCache corgi:https://registry.npmjs.org/object-hash set size:undefined disposed:false
844 http fetch GET 200 https://registry.npmjs.org/math-intrinsics 3829ms (cache miss)
845 silly packumentCache corgi:https://registry.npmjs.org/math-intrinsics set size:undefined disposed:false
846 http fetch GET 200 https://registry.npmjs.org/object.groupby 3833ms (cache miss)
847 silly packumentCache corgi:https://registry.npmjs.org/object.groupby set size:undefined disposed:false
848 http fetch GET 200 https://registry.npmjs.org/micromatch 3836ms (cache miss)
849 silly packumentCache corgi:https://registry.npmjs.org/micromatch set size:undefined disposed:false
850 http fetch GET 200 https://registry.npmjs.org/merge2 3837ms (cache miss)
851 silly packumentCache corgi:https://registry.npmjs.org/merge2 set size:undefined disposed:false
852 http cache https://registry.npmjs.org/@typescript-eslint%2fparser 107ms (cache hit)
853 silly packumentCache corgi:https://registry.npmjs.org/@typescript-eslint%2fparser set size:8307303 disposed:false
854 silly packumentCache corgi:https://registry.npmjs.org/eslint-config-next cache-miss
855 http fetch GET 200 https://registry.npmjs.org/minipass 3938ms (cache miss)
856 silly packumentCache corgi:https://registry.npmjs.org/minipass set size:undefined disposed:false
857 http fetch GET 200 https://registry.npmjs.org/locate-path 3982ms (cache miss)
858 silly packumentCache corgi:https://registry.npmjs.org/locate-path set size:undefined disposed:false
859 http fetch GET 200 https://registry.npmjs.org/language-tags 3987ms (cache miss)
860 silly packumentCache corgi:https://registry.npmjs.org/language-tags set size:undefined disposed:false
861 http cache https://registry.npmjs.org/eslint-config-next 74ms (cache hit)
862 silly packumentCache corgi:https://registry.npmjs.org/eslint-config-next set size:4071559 disposed:false
863 http fetch GET 200 https://registry.npmjs.org/levn 4031ms (cache miss)
864 silly packumentCache corgi:https://registry.npmjs.org/levn set size:undefined disposed:false
865 http fetch GET 200 https://registry.npmjs.org/lodash.merge 4033ms (cache miss)
866 silly packumentCache corgi:https://registry.npmjs.org/lodash.merge set size:undefined disposed:false
867 http fetch GET 200 https://registry.npmjs.org/lilconfig 4038ms (cache miss)
868 silly packumentCache corgi:https://registry.npmjs.org/lilconfig set size:undefined disposed:false
869 http fetch GET 200 https://registry.npmjs.org/lines-and-columns 4041ms (cache miss)
870 silly packumentCache corgi:https://registry.npmjs.org/lines-and-columns set size:undefined disposed:false
871 http fetch GET 200 https://registry.npmjs.org/json-schema-traverse 4042ms (cache miss)
872 silly packumentCache corgi:https://registry.npmjs.org/json-schema-traverse set size:undefined disposed:false
873 http fetch GET 200 https://registry.npmjs.org/tailwind-merge 4139ms (cache miss)
874 silly packumentCache corgi:https://registry.npmjs.org/tailwind-merge set size:undefined disposed:false
875 http fetch GET 200 https://registry.npmjs.org/json-stable-stringify-without-jsonify 4157ms (cache miss)
876 silly packumentCache corgi:https://registry.npmjs.org/json-stable-stringify-without-jsonify set size:undefined disposed:false
877 http fetch GET 200 https://registry.npmjs.org/lru-cache 4163ms (cache miss)
878 silly packumentCache corgi:https://registry.npmjs.org/lru-cache set size:undefined disposed:false
879 http fetch GET 200 https://registry.npmjs.org/json-buffer 4168ms (cache miss)
880 silly packumentCache corgi:https://registry.npmjs.org/json-buffer set size:undefined disposed:false
881 http fetch GET 200 https://registry.npmjs.org/isexe 4172ms (cache miss)
882 silly packumentCache corgi:https://registry.npmjs.org/isexe set size:undefined disposed:false
883 http fetch GET 200 https://registry.npmjs.org/is-weakmap 4174ms (cache miss)
884 silly packumentCache corgi:https://registry.npmjs.org/is-weakmap set size:undefined disposed:false
885 http fetch GET 200 https://registry.npmjs.org/language-subtag-registry 4181ms (cache miss)
886 silly packumentCache corgi:https://registry.npmjs.org/language-subtag-registry set size:undefined disposed:false
887 http fetch GET 200 https://registry.npmjs.org/js-tokens 4188ms (cache miss)
888 silly packumentCache corgi:https://registry.npmjs.org/js-tokens set size:undefined disposed:false
889 http fetch GET 200 https://registry.npmjs.org/is-weakset 4194ms (cache miss)
890 silly packumentCache corgi:https://registry.npmjs.org/is-weakset set size:undefined disposed:false
891 http fetch GET 200 https://registry.npmjs.org/iterator.prototype 4199ms (cache miss)
892 silly packumentCache corgi:https://registry.npmjs.org/iterator.prototype set size:undefined disposed:false
893 http fetch GET 200 https://registry.npmjs.org/jsx-ast-utils 4205ms (cache miss)
894 silly packumentCache corgi:https://registry.npmjs.org/jsx-ast-utils set size:undefined disposed:false
895 http fetch GET 200 https://registry.npmjs.org/jackspeak 4205ms (cache miss)
896 silly packumentCache corgi:https://registry.npmjs.org/jackspeak set size:undefined disposed:false
897 http fetch GET 200 https://registry.npmjs.org/is-shared-array-buffer 4206ms (cache miss)
898 silly packumentCache corgi:https://registry.npmjs.org/is-shared-array-buffer set size:undefined disposed:false
899 http fetch GET 200 https://registry.npmjs.org/is-regex 4208ms (cache miss)
900 silly packumentCache corgi:https://registry.npmjs.org/is-regex set size:undefined disposed:false
901 http fetch GET 200 https://registry.npmjs.org/isarray 4214ms (cache miss)
902 silly packumentCache corgi:https://registry.npmjs.org/isarray set size:undefined disposed:false
903 http fetch GET 200 https://registry.npmjs.org/keyv 4224ms (cache miss)
904 silly packumentCache corgi:https://registry.npmjs.org/keyv set size:undefined disposed:false
905 http fetch GET 200 https://registry.npmjs.org/is-weakref 4225ms (cache miss)
906 silly packumentCache corgi:https://registry.npmjs.org/is-weakref set size:undefined disposed:false
907 http fetch GET 200 https://registry.npmjs.org/is-number-object 4226ms (cache miss)
908 silly packumentCache corgi:https://registry.npmjs.org/is-number-object set size:undefined disposed:false
909 http fetch GET 200 https://registry.npmjs.org/is-symbol 4231ms (cache miss)
910 silly packumentCache corgi:https://registry.npmjs.org/is-symbol set size:undefined disposed:false
911 http fetch GET 200 https://registry.npmjs.org/is-number 4251ms (cache miss)
912 silly packumentCache corgi:https://registry.npmjs.org/is-number set size:undefined disposed:false
913 http fetch GET 200 https://registry.npmjs.org/is-set 4252ms (cache miss)
914 silly packumentCache corgi:https://registry.npmjs.org/is-set set size:undefined disposed:false
915 http fetch GET 200 https://registry.npmjs.org/is-negative-zero 4254ms (cache miss)
916 silly packumentCache corgi:https://registry.npmjs.org/is-negative-zero set size:undefined disposed:false
917 http fetch GET 200 https://registry.npmjs.org/is-path-inside 4255ms (cache miss)
918 silly packumentCache corgi:https://registry.npmjs.org/is-path-inside set size:undefined disposed:false
919 http fetch GET 200 https://registry.npmjs.org/is-extglob 4254ms (cache miss)
920 silly packumentCache corgi:https://registry.npmjs.org/is-extglob set size:undefined disposed:false
921 http fetch GET 200 https://registry.npmjs.org/is-map 4256ms (cache miss)
922 silly packumentCache corgi:https://registry.npmjs.org/is-map set size:undefined disposed:false
923 http fetch GET 200 https://registry.npmjs.org/is-finalizationregistry 4262ms (cache miss)
924 silly packumentCache corgi:https://registry.npmjs.org/is-finalizationregistry set size:undefined disposed:false
925 http fetch GET 200 https://registry.npmjs.org/is-date-object 4262ms (cache miss)
926 silly packumentCache corgi:https://registry.npmjs.org/is-date-object set size:undefined disposed:false
927 http fetch GET 200 https://registry.npmjs.org/is-data-view 4266ms (cache miss)
928 silly packumentCache corgi:https://registry.npmjs.org/is-data-view set size:undefined disposed:false
929 http fetch GET 200 https://registry.npmjs.org/is-fullwidth-code-point 4272ms (cache miss)
930 silly packumentCache corgi:https://registry.npmjs.org/is-fullwidth-code-point set size:undefined disposed:false
931 http fetch GET 200 https://registry.npmjs.org/is-generator-function 4273ms (cache miss)
932 silly packumentCache corgi:https://registry.npmjs.org/is-generator-function set size:undefined disposed:false
933 http fetch GET 200 https://registry.npmjs.org/is-glob 4280ms (cache miss)
934 silly packumentCache corgi:https://registry.npmjs.org/is-glob set size:undefined disposed:false
935 http fetch GET 200 https://registry.npmjs.org/is-document.all 4316ms (cache miss)
936 silly packumentCache corgi:https://registry.npmjs.org/is-document.all set size:undefined disposed:false
937 http fetch GET 200 https://registry.npmjs.org/is-array-buffer 4322ms (cache miss)
938 silly packumentCache corgi:https://registry.npmjs.org/is-array-buffer set size:undefined disposed:false
939 http fetch GET 200 https://registry.npmjs.org/is-binary-path 4325ms (cache miss)
940 silly packumentCache corgi:https://registry.npmjs.org/is-binary-path set size:undefined disposed:false
941 http fetch GET 200 https://registry.npmjs.org/internmap 4328ms (cache miss)
942 silly packumentCache corgi:https://registry.npmjs.org/internmap set size:undefined disposed:false
943 http fetch GET 200 https://registry.npmjs.org/is-bun-module 4330ms (cache miss)
944 silly packumentCache corgi:https://registry.npmjs.org/is-bun-module set size:undefined disposed:false
945 http fetch GET 200 https://registry.npmjs.org/is-bigint 4331ms (cache miss)
946 silly packumentCache corgi:https://registry.npmjs.org/is-bigint set size:undefined disposed:false
947 http fetch GET 200 https://registry.npmjs.org/internal-slot 4334ms (cache miss)
948 silly packumentCache corgi:https://registry.npmjs.org/internal-slot set size:undefined disposed:false
949 http fetch GET 200 https://registry.npmjs.org/inherits 4334ms (cache miss)
950 silly packumentCache corgi:https://registry.npmjs.org/inherits set size:undefined disposed:false
951 http fetch GET 200 https://registry.npmjs.org/is-callable 4338ms (cache miss)
952 silly packumentCache corgi:https://registry.npmjs.org/is-callable set size:undefined disposed:false
953 http fetch GET 200 https://registry.npmjs.org/imurmurhash 4335ms (cache miss)
954 silly packumentCache corgi:https://registry.npmjs.org/imurmurhash set size:undefined disposed:false
955 http fetch GET 200 https://registry.npmjs.org/is-string 4362ms (cache miss)
956 silly packumentCache corgi:https://registry.npmjs.org/is-string set size:undefined disposed:false
957 http fetch GET 200 https://registry.npmjs.org/hasown 4401ms (cache miss)
958 silly packumentCache corgi:https://registry.npmjs.org/hasown set size:undefined disposed:false
959 http fetch GET 200 https://registry.npmjs.org/has-tostringtag 4403ms (cache miss)
960 silly packumentCache corgi:https://registry.npmjs.org/has-tostringtag set size:undefined disposed:false
961 http fetch GET 200 https://registry.npmjs.org/is-typed-array 4412ms (cache miss)
962 silly packumentCache corgi:https://registry.npmjs.org/is-typed-array set size:undefined disposed:false
963 http fetch GET 200 https://registry.npmjs.org/has-property-descriptors 4413ms (cache miss)
964 silly packumentCache corgi:https://registry.npmjs.org/has-property-descriptors set size:undefined disposed:false
965 http fetch GET 200 https://registry.npmjs.org/import-fresh 4415ms (cache miss)
966 silly packumentCache corgi:https://registry.npmjs.org/import-fresh set size:undefined disposed:false
967 http fetch GET 200 https://registry.npmjs.org/has-symbols 4421ms (cache miss)
968 silly packumentCache corgi:https://registry.npmjs.org/has-symbols set size:undefined disposed:false
969 http fetch GET 200 https://registry.npmjs.org/has-flag 4425ms (cache miss)
970 silly packumentCache corgi:https://registry.npmjs.org/has-flag set size:undefined disposed:false
971 http fetch GET 200 https://registry.npmjs.org/has-bigints 4427ms (cache miss)
972 silly packumentCache corgi:https://registry.npmjs.org/has-bigints set size:undefined disposed:false
973 http fetch GET 200 https://registry.npmjs.org/graceful-fs 4436ms (cache miss)
974 silly packumentCache corgi:https://registry.npmjs.org/graceful-fs set size:undefined disposed:false
975 http fetch GET 200 https://registry.npmjs.org/graphemer 4456ms (cache miss)
976 silly packumentCache corgi:https://registry.npmjs.org/graphemer set size:undefined disposed:false
977 http fetch GET 200 https://registry.npmjs.org/ignore 4466ms (cache miss)
978 silly packumentCache corgi:https://registry.npmjs.org/ignore set size:undefined disposed:false
979 http fetch GET 200 https://registry.npmjs.org/is-core-module 4505ms (cache miss)
980 silly packumentCache corgi:https://registry.npmjs.org/is-core-module set size:undefined disposed:false
981 http fetch GET 200 https://registry.npmjs.org/gopd 4506ms (cache miss)
982 silly packumentCache corgi:https://registry.npmjs.org/gopd set size:undefined disposed:false
983 http fetch GET 200 https://registry.npmjs.org/get-symbol-description 4512ms (cache miss)
984 silly packumentCache corgi:https://registry.npmjs.org/get-symbol-description set size:undefined disposed:false
985 http fetch GET 200 https://registry.npmjs.org/glob-parent 4520ms (cache miss)
986 silly packumentCache corgi:https://registry.npmjs.org/glob-parent set size:undefined disposed:false
987 http fetch GET 200 https://registry.npmjs.org/get-intrinsic 4525ms (cache miss)
988 silly packumentCache corgi:https://registry.npmjs.org/get-intrinsic set size:undefined disposed:false
989 http fetch GET 200 https://registry.npmjs.org/is-boolean-object 4533ms (cache miss)
990 silly packumentCache corgi:https://registry.npmjs.org/is-boolean-object set size:undefined disposed:false
991 http fetch GET 200 https://registry.npmjs.org/generator-function 4528ms (cache miss)
992 silly packumentCache corgi:https://registry.npmjs.org/generator-function set size:undefined disposed:false
993 http fetch GET 200 https://registry.npmjs.org/function.prototype.name 4529ms (cache miss)
994 silly packumentCache corgi:https://registry.npmjs.org/function.prototype.name set size:undefined disposed:false
995 http fetch GET 200 https://registry.npmjs.org/get-tsconfig 4539ms (cache miss)
996 silly packumentCache corgi:https://registry.npmjs.org/get-tsconfig set size:undefined disposed:false
997 http fetch GET 200 https://registry.npmjs.org/inflight 4548ms (cache miss)
998 silly packumentCache corgi:https://registry.npmjs.org/inflight set size:undefined disposed:false
999 http fetch GET 200 https://registry.npmjs.org/globby 4554ms (cache miss)
1000 silly packumentCache corgi:https://registry.npmjs.org/globby set size:undefined disposed:false
1001 http fetch GET 200 https://registry.npmjs.org/globals 4576ms (cache miss)
1002 silly packumentCache corgi:https://registry.npmjs.org/globals set size:undefined disposed:false
1003 http fetch GET 200 https://registry.npmjs.org/function-bind 4586ms (cache miss)
1004 silly packumentCache corgi:https://registry.npmjs.org/function-bind set size:undefined disposed:false
1005 http fetch GET 200 https://registry.npmjs.org/get-proto 4587ms (cache miss)
1006 silly packumentCache corgi:https://registry.npmjs.org/get-proto set size:undefined disposed:false
1007 http fetch GET 200 https://registry.npmjs.org/flatted 4594ms (cache miss)
1008 silly packumentCache corgi:https://registry.npmjs.org/flatted set size:undefined disposed:false
1009 http fetch GET 200 https://registry.npmjs.org/foreground-child 4598ms (cache miss)
1010 silly packumentCache corgi:https://registry.npmjs.org/foreground-child set size:undefined disposed:false
1011 http fetch GET 200 https://registry.npmjs.org/find-up 4599ms (cache miss)
1012 silly packumentCache corgi:https://registry.npmjs.org/find-up set size:undefined disposed:false
1013 http fetch GET 200 https://registry.npmjs.org/flat-cache 4612ms (cache miss)
1014 silly packumentCache corgi:https://registry.npmjs.org/flat-cache set size:undefined disposed:false
1015 http fetch GET 200 https://registry.npmjs.org/fast-levenshtein 4628ms (cache miss)
1016 silly packumentCache corgi:https://registry.npmjs.org/fast-levenshtein set size:undefined disposed:false
1017 http fetch GET 200 https://registry.npmjs.org/file-entry-cache 4665ms (cache miss)
1018 silly packumentCache corgi:https://registry.npmjs.org/file-entry-cache set size:undefined disposed:false
1019 http fetch GET 200 https://registry.npmjs.org/has-proto 4667ms (cache miss)
1020 silly packumentCache corgi:https://registry.npmjs.org/has-proto set size:undefined disposed:false
1021 http fetch GET 200 https://registry.npmjs.org/react-is 4718ms (cache miss)
1022 silly packumentCache corgi:https://registry.npmjs.org/react-is set size:undefined disposed:false
1023 http fetch GET 200 https://registry.npmjs.org/is-async-function 4755ms (cache miss)
1024 silly packumentCache corgi:https://registry.npmjs.org/is-async-function set size:undefined disposed:false
1025 http fetch GET 200 https://registry.npmjs.org/globalthis 4762ms (cache miss)
1026 silly packumentCache corgi:https://registry.npmjs.org/globalthis set size:undefined disposed:false
1027 http fetch GET 200 https://registry.npmjs.org/esutils 4760ms (cache miss)
1028 silly packumentCache corgi:https://registry.npmjs.org/esutils set size:undefined disposed:false
1029 http fetch GET 200 https://registry.npmjs.org/fast-deep-equal 4762ms (cache miss)
1030 silly packumentCache corgi:https://registry.npmjs.org/fast-deep-equal set size:undefined disposed:false
1031 http fetch GET 200 https://registry.npmjs.org/estraverse 4763ms (cache miss)
1032 silly packumentCache corgi:https://registry.npmjs.org/estraverse set size:undefined disposed:false
1033 http fetch GET 200 https://registry.npmjs.org/eventemitter3 4767ms (cache miss)
1034 silly packumentCache corgi:https://registry.npmjs.org/eventemitter3 set size:undefined disposed:false
1035 http fetch GET 200 https://registry.npmjs.org/fastq 4774ms (cache miss)
1036 silly packumentCache corgi:https://registry.npmjs.org/fastq set size:undefined disposed:false
1037 http fetch GET 200 https://registry.npmjs.org/fast-glob 4776ms (cache miss)
1038 silly packumentCache corgi:https://registry.npmjs.org/fast-glob set size:undefined disposed:false
1039 http fetch GET 200 https://registry.npmjs.org/functions-have-names 4789ms (cache miss)
1040 silly packumentCache corgi:https://registry.npmjs.org/functions-have-names set size:undefined disposed:false
1041 http fetch GET 200 https://registry.npmjs.org/esrecurse 4790ms (cache miss)
1042 silly packumentCache corgi:https://registry.npmjs.org/esrecurse set size:undefined disposed:false
1043 http fetch GET 200 https://registry.npmjs.org/fs.realpath 4795ms (cache miss)
1044 silly packumentCache corgi:https://registry.npmjs.org/fs.realpath set size:undefined disposed:false
1045 http fetch GET 200 https://registry.npmjs.org/for-each 4798ms (cache miss)
1046 silly packumentCache corgi:https://registry.npmjs.org/for-each set size:undefined disposed:false
1047 http fetch GET 200 https://registry.npmjs.org/fast-equals 4801ms (cache miss)
1048 silly packumentCache corgi:https://registry.npmjs.org/fast-equals set size:undefined disposed:false
1049 http fetch GET 200 https://registry.npmjs.org/eslint-visitor-keys 4804ms (cache miss)
1050 silly packumentCache corgi:https://registry.npmjs.org/eslint-visitor-keys set size:undefined disposed:false
1051 http fetch GET 200 https://registry.npmjs.org/esquery 4806ms (cache miss)
1052 silly packumentCache corgi:https://registry.npmjs.org/esquery set size:undefined disposed:false
1053 http fetch GET 200 https://registry.npmjs.org/eslint-scope 4812ms (cache miss)
1054 silly packumentCache corgi:https://registry.npmjs.org/eslint-scope set size:undefined disposed:false
1055 http fetch GET 200 https://registry.npmjs.org/espree 4816ms (cache miss)
1056 silly packumentCache corgi:https://registry.npmjs.org/espree set size:undefined disposed:false
1057 http fetch GET 200 https://registry.npmjs.org/scheduler 4876ms (cache miss)
1058 silly packumentCache corgi:https://registry.npmjs.org/scheduler set size:undefined disposed:false
1059 http fetch GET 200 https://registry.npmjs.org/fill-range 4858ms (cache miss)
1060 silly packumentCache corgi:https://registry.npmjs.org/fill-range set size:undefined disposed:false
1061 http fetch GET 200 https://registry.npmjs.org/eslint-module-utils 4860ms (cache miss)
1062 silly packumentCache corgi:https://registry.npmjs.org/eslint-module-utils set size:undefined disposed:false
1063 http fetch GET 200 https://registry.npmjs.org/eslint-import-resolver-node 4865ms (cache miss)
1064 silly packumentCache corgi:https://registry.npmjs.org/eslint-import-resolver-node set size:undefined disposed:false
1065 http fetch GET 200 https://registry.npmjs.org/eslint-plugin-import 4867ms (cache miss)
1066 silly packumentCache corgi:https://registry.npmjs.org/eslint-plugin-import set size:undefined disposed:false
1067 http fetch GET 200 https://registry.npmjs.org/eslint-import-resolver-typescript 4997ms (cache miss)
1068 silly packumentCache corgi:https://registry.npmjs.org/eslint-import-resolver-typescript set size:undefined disposed:false
1069 http fetch GET 200 https://registry.npmjs.org/es-object-atoms 5031ms (cache miss)
1070 silly packumentCache corgi:https://registry.npmjs.org/es-object-atoms set size:undefined disposed:false
1071 http fetch GET 200 https://registry.npmjs.org/es-set-tostringtag 5034ms (cache miss)
1072 silly packumentCache corgi:https://registry.npmjs.org/es-set-tostringtag set size:undefined disposed:false
1073 http fetch GET 200 https://registry.npmjs.org/es-to-primitive 5039ms (cache miss)
1074 silly packumentCache corgi:https://registry.npmjs.org/es-to-primitive set size:undefined disposed:false
1075 http fetch GET 200 https://registry.npmjs.org/es-shim-unscopables 5042ms (cache miss)
1076 silly packumentCache corgi:https://registry.npmjs.org/es-shim-unscopables set size:undefined disposed:false
1077 http fetch GET 200 https://registry.npmjs.org/escape-string-regexp 5045ms (cache miss)
1078 silly packumentCache corgi:https://registry.npmjs.org/escape-string-regexp set size:undefined disposed:false
1079 http fetch GET 200 https://registry.npmjs.org/es-errors 5058ms (cache miss)
1080 silly packumentCache corgi:https://registry.npmjs.org/es-errors set size:undefined disposed:false
1081 http fetch GET 200 https://registry.npmjs.org/eslint-plugin-react 5086ms (cache miss)
1082 silly packumentCache corgi:https://registry.npmjs.org/eslint-plugin-react set size:undefined disposed:false
1083 http fetch GET 200 https://registry.npmjs.org/dunder-proto 5096ms (cache miss)
1084 silly packumentCache corgi:https://registry.npmjs.org/dunder-proto set size:undefined disposed:false
1085 http fetch GET 200 https://registry.npmjs.org/es-abstract-get 5098ms (cache miss)
1086 silly packumentCache corgi:https://registry.npmjs.org/es-abstract-get set size:undefined disposed:false
1087 http fetch GET 200 https://registry.npmjs.org/es-define-property 5100ms (cache miss)
1088 silly packumentCache corgi:https://registry.npmjs.org/es-define-property set size:undefined disposed:false
1089 http fetch GET 200 https://registry.npmjs.org/fast-json-stable-stringify 5105ms (cache miss)
1090 silly packumentCache corgi:https://registry.npmjs.org/fast-json-stable-stringify set size:undefined disposed:false
1091 http fetch GET 200 https://registry.npmjs.org/dlv 5109ms (cache miss)
1092 silly packumentCache corgi:https://registry.npmjs.org/dlv set size:undefined disposed:false
1093 http fetch GET 200 https://registry.npmjs.org/eastasianwidth 5121ms (cache miss)
1094 silly packumentCache corgi:https://registry.npmjs.org/eastasianwidth set size:undefined disposed:false
1095 http fetch GET 200 https://registry.npmjs.org/es-iterator-helpers 5135ms (cache miss)
1096 silly packumentCache corgi:https://registry.npmjs.org/es-iterator-helpers set size:undefined disposed:false
1097 http fetch GET 200 https://registry.npmjs.org/didyoumean 5140ms (cache miss)
1098 silly packumentCache corgi:https://registry.npmjs.org/didyoumean set size:undefined disposed:false
1099 http fetch GET 200 https://registry.npmjs.org/dom-helpers 5142ms (cache miss)
1100 silly packumentCache corgi:https://registry.npmjs.org/dom-helpers set size:undefined disposed:false
1101 http fetch GET 200 https://registry.npmjs.org/emoji-regex 5145ms (cache miss)
1102 silly packumentCache corgi:https://registry.npmjs.org/emoji-regex set size:undefined disposed:false
1103 http fetch GET 200 https://registry.npmjs.org/dir-glob 5145ms (cache miss)
1104 silly packumentCache corgi:https://registry.npmjs.org/dir-glob set size:undefined disposed:false
1105 http fetch GET 200 https://registry.npmjs.org/define-properties 5162ms (cache miss)
1106 silly packumentCache corgi:https://registry.npmjs.org/define-properties set size:undefined disposed:false
1107 http fetch GET 200 https://registry.npmjs.org/data-view-byte-offset 5164ms (cache miss)
1108 silly packumentCache corgi:https://registry.npmjs.org/data-view-byte-offset set size:undefined disposed:false
1109 http fetch GET 200 https://registry.npmjs.org/doctrine 5167ms (cache miss)
1110 silly packumentCache corgi:https://registry.npmjs.org/doctrine set size:undefined disposed:false
1111 http fetch GET 200 https://registry.npmjs.org/define-data-property 5190ms (cache miss)
1112 silly packumentCache corgi:https://registry.npmjs.org/define-data-property set size:undefined disposed:false
1113 http fetch GET 200 https://registry.npmjs.org/decimal.js-light 5192ms (cache miss)
1114 silly packumentCache corgi:https://registry.npmjs.org/decimal.js-light set size:undefined disposed:false
1115 http fetch GET 200 https://registry.npmjs.org/data-view-buffer 5193ms (cache miss)
1116 silly packumentCache corgi:https://registry.npmjs.org/data-view-buffer set size:undefined disposed:false
1117 http fetch GET 200 https://registry.npmjs.org/d3-timer 5226ms (cache miss)
1118 silly packumentCache corgi:https://registry.npmjs.org/d3-timer set size:undefined disposed:false
1119 http fetch GET 200 https://registry.npmjs.org/damerau-levenshtein 5231ms (cache miss)
1120 silly packumentCache corgi:https://registry.npmjs.org/damerau-levenshtein set size:undefined disposed:false
1121 http fetch GET 200 https://registry.npmjs.org/debug 5238ms (cache miss)
1122 silly packumentCache corgi:https://registry.npmjs.org/debug set size:undefined disposed:false
1123 http fetch GET 200 https://registry.npmjs.org/d3-time 5243ms (cache miss)
1124 silly packumentCache corgi:https://registry.npmjs.org/d3-time set size:undefined disposed:false
1125 http fetch GET 200 https://registry.npmjs.org/d3-interpolate 5247ms (cache miss)
1126 silly packumentCache corgi:https://registry.npmjs.org/d3-interpolate set size:undefined disposed:false
1127 http fetch GET 200 https://registry.npmjs.org/d3-time-format 5250ms (cache miss)
1128 silly packumentCache corgi:https://registry.npmjs.org/d3-time-format set size:undefined disposed:false
1129 http fetch GET 200 https://registry.npmjs.org/d3-scale 5259ms (cache miss)
1130 silly packumentCache corgi:https://registry.npmjs.org/d3-scale set size:undefined disposed:false
1131 http fetch GET 200 https://registry.npmjs.org/d3-format 5263ms (cache miss)
1132 silly packumentCache corgi:https://registry.npmjs.org/d3-format set size:undefined disposed:false
1133 http fetch GET 200 https://registry.npmjs.org/d3-color 5263ms (cache miss)
1134 silly packumentCache corgi:https://registry.npmjs.org/d3-color set size:undefined disposed:false
1135 http fetch GET 200 https://registry.npmjs.org/d3-path 5267ms (cache miss)
1136 silly packumentCache corgi:https://registry.npmjs.org/d3-path set size:undefined disposed:false
1137 http fetch GET 200 https://registry.npmjs.org/d3-array 5272ms (cache miss)
1138 silly packumentCache corgi:https://registry.npmjs.org/d3-array set size:undefined disposed:false
1139 http fetch GET 200 https://registry.npmjs.org/d3-shape 5274ms (cache miss)
1140 silly packumentCache corgi:https://registry.npmjs.org/d3-shape set size:undefined disposed:false
1141 http fetch GET 200 https://registry.npmjs.org/d3-ease 5312ms (cache miss)
1142 silly packumentCache corgi:https://registry.npmjs.org/d3-ease set size:undefined disposed:false
1143 http fetch GET 200 https://registry.npmjs.org/csstype 5322ms (cache miss)
1144 silly packumentCache corgi:https://registry.npmjs.org/csstype set size:undefined disposed:false
1145 http fetch GET 200 https://registry.npmjs.org/cross-spawn 5362ms (cache miss)
1146 silly packumentCache corgi:https://registry.npmjs.org/cross-spawn set size:undefined disposed:false
1147 http fetch GET 200 https://registry.npmjs.org/deep-is 5365ms (cache miss)
1148 silly packumentCache corgi:https://registry.npmjs.org/deep-is set size:undefined disposed:false
1149 http fetch GET 200 https://registry.npmjs.org/concat-map 5387ms (cache miss)
1150 silly packumentCache corgi:https://registry.npmjs.org/concat-map set size:undefined disposed:false
1151 http fetch GET 200 https://registry.npmjs.org/camelcase-css 5389ms (cache miss)
1152 silly packumentCache corgi:https://registry.npmjs.org/camelcase-css set size:undefined disposed:false
1153 http fetch GET 200 https://registry.npmjs.org/data-view-byte-length 5392ms (cache miss)
1154 silly packumentCache corgi:https://registry.npmjs.org/data-view-byte-length set size:undefined disposed:false
1155 http fetch GET 200 https://registry.npmjs.org/clsx 5402ms (cache miss)
1156 silly packumentCache corgi:https://registry.npmjs.org/clsx set size:undefined disposed:false
1157 http fetch GET 200 https://registry.npmjs.org/chalk 5422ms (cache miss)
1158 silly packumentCache corgi:https://registry.npmjs.org/chalk set size:undefined disposed:false
1159 http fetch GET 200 https://registry.npmjs.org/color-convert 5427ms (cache miss)
1160 silly packumentCache corgi:https://registry.npmjs.org/color-convert set size:undefined disposed:false
1161 http fetch GET 200 https://registry.npmjs.org/commander 5430ms (cache miss)
1162 silly packumentCache corgi:https://registry.npmjs.org/commander set size:undefined disposed:false
1163 http fetch GET 200 https://registry.npmjs.org/color-name 5435ms (cache miss)
1164 silly packumentCache corgi:https://registry.npmjs.org/color-name set size:undefined disposed:false
1165 http fetch GET 200 https://registry.npmjs.org/client-only 5441ms (cache miss)
1166 silly packumentCache corgi:https://registry.npmjs.org/client-only set size:undefined disposed:false
1167 http fetch GET 200 https://registry.npmjs.org/chokidar 5459ms (cache miss)
1168 silly packumentCache corgi:https://registry.npmjs.org/chokidar set size:undefined disposed:false
1169 http fetch GET 200 https://registry.npmjs.org/call-bind-apply-helpers 5477ms (cache miss)
1170 silly packumentCache corgi:https://registry.npmjs.org/call-bind-apply-helpers set size:undefined disposed:false
1171 http fetch GET 200 https://registry.npmjs.org/callsites 5479ms (cache miss)
1172 silly packumentCache corgi:https://registry.npmjs.org/callsites set size:undefined disposed:false
1173 http fetch GET 200 https://registry.npmjs.org/balanced-match 5493ms (cache miss)
1174 silly packumentCache corgi:https://registry.npmjs.org/balanced-match set size:undefined disposed:false
1175 http fetch GET 200 https://registry.npmjs.org/busboy 5496ms (cache miss)
1176 silly packumentCache corgi:https://registry.npmjs.org/busboy set size:undefined disposed:false
1177 http fetch GET 200 https://registry.npmjs.org/brace-expansion 5501ms (cache miss)
1178 silly packumentCache corgi:https://registry.npmjs.org/brace-expansion set size:undefined disposed:false
1179 http fetch GET 200 https://registry.npmjs.org/braces 5502ms (cache miss)
1180 silly packumentCache corgi:https://registry.npmjs.org/braces set size:undefined disposed:false
1181 http fetch GET 200 https://registry.npmjs.org/binary-extensions 5505ms (cache miss)
1182 silly packumentCache corgi:https://registry.npmjs.org/binary-extensions set size:undefined disposed:false
1183 http fetch GET 200 https://registry.npmjs.org/call-bind 5516ms (cache miss)
1184 silly packumentCache corgi:https://registry.npmjs.org/call-bind set size:undefined disposed:false
1185 http fetch GET 200 https://registry.npmjs.org/ast-types-flow 5522ms (cache miss)
1186 silly packumentCache corgi:https://registry.npmjs.org/ast-types-flow set size:undefined disposed:false
1187 http fetch GET 200 https://registry.npmjs.org/axobject-query 5526ms (cache miss)
1188 silly packumentCache corgi:https://registry.npmjs.org/axobject-query set size:undefined disposed:false
1189 http fetch GET 200 https://registry.npmjs.org/async-function 5553ms (cache miss)
1190 silly packumentCache corgi:https://registry.npmjs.org/async-function set size:undefined disposed:false
1191 http fetch GET 200 https://registry.npmjs.org/arraybuffer.prototype.slice 5577ms (cache miss)
1192 silly packumentCache corgi:https://registry.npmjs.org/arraybuffer.prototype.slice set size:undefined disposed:false
1193 http fetch GET 200 https://registry.npmjs.org/array.prototype.findlast 5657ms (cache miss)
1194 silly packumentCache corgi:https://registry.npmjs.org/array.prototype.findlast set size:undefined disposed:false
1195 http fetch GET 200 https://registry.npmjs.org/array.prototype.tosorted 5658ms (cache miss)
1196 silly packumentCache corgi:https://registry.npmjs.org/array.prototype.tosorted set size:undefined disposed:false
1197 http fetch GET 200 https://registry.npmjs.org/array-union 5659ms (cache miss)
1198 silly packumentCache corgi:https://registry.npmjs.org/array-union set size:undefined disposed:false
1199 http fetch GET 200 https://registry.npmjs.org/available-typed-arrays 5661ms (cache miss)
1200 silly packumentCache corgi:https://registry.npmjs.org/available-typed-arrays set size:undefined disposed:false
1201 http fetch GET 200 https://registry.npmjs.org/array.prototype.flatmap 5663ms (cache miss)
1202 silly packumentCache corgi:https://registry.npmjs.org/array.prototype.flatmap set size:undefined disposed:false
1203 http fetch GET 200 https://registry.npmjs.org/array.prototype.flat 5668ms (cache miss)
1204 silly packumentCache corgi:https://registry.npmjs.org/array.prototype.flat set size:undefined disposed:false
1205 http fetch GET 200 https://registry.npmjs.org/call-bound 5672ms (cache miss)
1206 silly packumentCache corgi:https://registry.npmjs.org/call-bound set size:undefined disposed:false
1207 http fetch GET 200 https://registry.npmjs.org/array.prototype.findlastindex 5672ms (cache miss)
1208 silly packumentCache corgi:https://registry.npmjs.org/array.prototype.findlastindex set size:undefined disposed:false
1209 http fetch GET 200 https://registry.npmjs.org/array-includes 5697ms (cache miss)
1210 silly packumentCache corgi:https://registry.npmjs.org/array-includes set size:undefined disposed:false
1211 http fetch GET 200 https://registry.npmjs.org/array-buffer-byte-length 5702ms (cache miss)
1212 silly packumentCache corgi:https://registry.npmjs.org/array-buffer-byte-length set size:undefined disposed:false
1213 http fetch GET 200 https://registry.npmjs.org/arg 5742ms (cache miss)
1214 silly packumentCache corgi:https://registry.npmjs.org/arg set size:undefined disposed:false
1215 http fetch GET 200 https://registry.npmjs.org/argparse 5744ms (cache miss)
1216 silly packumentCache corgi:https://registry.npmjs.org/argparse set size:undefined disposed:false
1217 http fetch GET 200 https://registry.npmjs.org/any-promise 5809ms (cache miss)
1218 silly packumentCache corgi:https://registry.npmjs.org/any-promise set size:undefined disposed:false
1219 http fetch GET 200 https://registry.npmjs.org/ansi-styles 5840ms (cache miss)
1220 silly packumentCache corgi:https://registry.npmjs.org/ansi-styles set size:undefined disposed:false
1221 http fetch GET 200 https://registry.npmjs.org/@unrs%2fresolver-binding-win32-x64-msvc 5846ms (cache miss)
1222 silly packumentCache corgi:https://registry.npmjs.org/@unrs%2fresolver-binding-win32-x64-msvc set size:undefined disposed:false
1223 http fetch GET 200 https://registry.npmjs.org/anymatch 5850ms (cache miss)
1224 silly packumentCache corgi:https://registry.npmjs.org/anymatch set size:undefined disposed:false
1225 http fetch GET 200 https://registry.npmjs.org/ansi-regex 5850ms (cache miss)
1226 silly packumentCache corgi:https://registry.npmjs.org/ansi-regex set size:undefined disposed:false
1227 http fetch GET 200 https://registry.npmjs.org/acorn-jsx 5853ms (cache miss)
1228 silly packumentCache corgi:https://registry.npmjs.org/acorn-jsx set size:undefined disposed:false
1229 http fetch GET 200 https://registry.npmjs.org/eslint-plugin-react-hooks 5906ms (cache miss)
1230 silly packumentCache corgi:https://registry.npmjs.org/eslint-plugin-react-hooks set size:undefined disposed:false
1231 http fetch GET 200 https://registry.npmjs.org/@types%2fprop-types 5978ms (cache miss)
1232 silly packumentCache corgi:https://registry.npmjs.org/@types%2fprop-types set size:undefined disposed:false
1233 http fetch GET 200 https://registry.npmjs.org/@types%2fjson5 6015ms (cache miss)
1234 silly packumentCache corgi:https://registry.npmjs.org/@types%2fjson5 set size:undefined disposed:false
1235 http fetch GET 200 https://registry.npmjs.org/@types%2fd3-time 6019ms (cache miss)
1236 silly packumentCache corgi:https://registry.npmjs.org/@types%2fd3-time set size:undefined disposed:false
1237 http fetch GET 200 https://registry.npmjs.org/@types%2freact-dom 6112ms (cache miss)
1238 silly packumentCache corgi:https://registry.npmjs.org/@types%2freact-dom set size:undefined disposed:false
1239 http fetch GET 200 https://registry.npmjs.org/@types%2fd3-timer 6115ms (cache miss)
1240 silly packumentCache corgi:https://registry.npmjs.org/@types%2fd3-timer set size:undefined disposed:false
1241 http fetch GET 200 https://registry.npmjs.org/@types%2fd3-shape 6119ms (cache miss)
1242 silly packumentCache corgi:https://registry.npmjs.org/@types%2fd3-shape set size:undefined disposed:false
1243 http fetch GET 200 https://registry.npmjs.org/@types%2fd3-scale 6174ms (cache miss)
1244 silly packumentCache corgi:https://registry.npmjs.org/@types%2fd3-scale set size:undefined disposed:false
1245 http fetch GET 200 https://registry.npmjs.org/@ungap%2fstructured-clone 6184ms (cache miss)
1246 silly packumentCache corgi:https://registry.npmjs.org/@ungap%2fstructured-clone set size:undefined disposed:false
1247 http fetch GET 200 https://registry.npmjs.org/ajv 6199ms (cache miss)
1248 silly packumentCache corgi:https://registry.npmjs.org/ajv set size:undefined disposed:false
1249 http fetch GET 200 https://registry.npmjs.org/@types%2fd3-interpolate 6342ms (cache miss)
1250 silly packumentCache corgi:https://registry.npmjs.org/@types%2fd3-interpolate set size:undefined disposed:false
1251 http fetch GET 200 https://registry.npmjs.org/@rushstack%2feslint-patch 6351ms (cache miss)
1252 silly packumentCache corgi:https://registry.npmjs.org/@rushstack%2feslint-patch set size:undefined disposed:false
1253 http fetch GET 200 https://registry.npmjs.org/@types%2fd3-ease 6528ms (cache miss)
1254 silly packumentCache corgi:https://registry.npmjs.org/@types%2fd3-ease set size:undefined disposed:false
1255 http fetch GET 200 https://registry.npmjs.org/@types%2fd3-color 6531ms (cache miss)
1256 silly packumentCache corgi:https://registry.npmjs.org/@types%2fd3-color set size:undefined disposed:false
1257 http fetch GET 200 https://registry.npmjs.org/@swc%2fcounter 6545ms (cache miss)
1258 silly packumentCache corgi:https://registry.npmjs.org/@swc%2fcounter set size:undefined disposed:false
1259 http fetch GET 200 https://registry.npmjs.org/@rtsao%2fscc 6549ms (cache miss)
1260 silly packumentCache corgi:https://registry.npmjs.org/@rtsao%2fscc set size:undefined disposed:false
1261 http fetch GET 200 https://registry.npmjs.org/@types%2fd3-path 6555ms (cache miss)
1262 silly packumentCache corgi:https://registry.npmjs.org/@types%2fd3-path set size:undefined disposed:false
1263 http fetch GET 200 https://registry.npmjs.org/@nolyfill%2fis-core-module 6651ms (cache miss)
1264 silly packumentCache corgi:https://registry.npmjs.org/@nolyfill%2fis-core-module set size:undefined disposed:false
1265 http fetch GET 200 https://registry.npmjs.org/@pkgjs%2fparseargs 6653ms (cache miss)
1266 silly packumentCache corgi:https://registry.npmjs.org/@pkgjs%2fparseargs set size:undefined disposed:false
1267 http fetch GET 200 https://registry.npmjs.org/@types%2freact 6663ms (cache miss)
1268 silly packumentCache corgi:https://registry.npmjs.org/@types%2freact set size:undefined disposed:false
1269 http fetch GET 200 https://registry.npmjs.org/@types%2fd3-array 6666ms (cache miss)
1270 silly packumentCache corgi:https://registry.npmjs.org/@types%2fd3-array set size:undefined disposed:false
1271 http fetch GET 200 https://registry.npmjs.org/@nodelib%2ffs.scandir 6716ms (cache miss)
1272 silly packumentCache corgi:https://registry.npmjs.org/@nodelib%2ffs.scandir set size:undefined disposed:false
1273 http fetch GET 200 https://registry.npmjs.org/@jridgewell%2fsourcemap-codec 6747ms (cache miss)
1274 silly packumentCache corgi:https://registry.npmjs.org/@jridgewell%2fsourcemap-codec set size:undefined disposed:false
1275 http fetch GET 200 https://registry.npmjs.org/@nodelib%2ffs.walk 6788ms (cache miss)
1276 silly packumentCache corgi:https://registry.npmjs.org/@nodelib%2ffs.walk set size:undefined disposed:false
1277 http fetch GET 200 https://registry.npmjs.org/@jridgewell%2fresolve-uri 6918ms (cache miss)
1278 silly packumentCache corgi:https://registry.npmjs.org/@jridgewell%2fresolve-uri set size:undefined disposed:false
1279 http fetch GET 200 https://registry.npmjs.org/@nodelib%2ffs.stat 7026ms (cache miss)
1280 silly packumentCache corgi:https://registry.npmjs.org/@nodelib%2ffs.stat set size:undefined disposed:false
1281 http fetch GET 200 https://registry.npmjs.org/@eslint%2feslintrc 7098ms (cache miss)
1282 silly packumentCache corgi:https://registry.npmjs.org/@eslint%2feslintrc set size:undefined disposed:false
1283 http fetch GET 200 https://registry.npmjs.org/@eslint%2fjs 7130ms (cache miss)
1284 silly packumentCache corgi:https://registry.npmjs.org/@eslint%2fjs set size:undefined disposed:false
1285 http fetch GET 200 https://registry.npmjs.org/@isaacs%2fcliui 7182ms (cache miss)
1286 silly packumentCache corgi:https://registry.npmjs.org/@isaacs%2fcliui set size:undefined disposed:false
1287 http fetch GET 200 https://registry.npmjs.org/@eslint-community%2feslint-utils 7266ms (cache miss)
1288 silly packumentCache corgi:https://registry.npmjs.org/@eslint-community%2feslint-utils set size:undefined disposed:false
1289 http fetch GET 200 https://registry.npmjs.org/@jridgewell%2ftrace-mapping 7354ms (cache miss)
1290 silly packumentCache corgi:https://registry.npmjs.org/@jridgewell%2ftrace-mapping set size:undefined disposed:false
1291 http fetch GET 200 https://registry.npmjs.org/@humanwhocodes%2fmodule-importer 7362ms (cache miss)
1292 silly packumentCache corgi:https://registry.npmjs.org/@humanwhocodes%2fmodule-importer set size:undefined disposed:false
1293 http fetch GET 200 https://registry.npmjs.org/@humanwhocodes%2fobject-schema 7381ms (cache miss)
1294 silly packumentCache corgi:https://registry.npmjs.org/@humanwhocodes%2fobject-schema set size:undefined disposed:false
1295 http fetch GET 200 https://registry.npmjs.org/@jridgewell%2fgen-mapping 7439ms (cache miss)
1296 silly packumentCache corgi:https://registry.npmjs.org/@jridgewell%2fgen-mapping set size:undefined disposed:false
1297 http fetch GET 200 https://registry.npmjs.org/@humanwhocodes%2fconfig-array 7441ms (cache miss)
1298 silly packumentCache corgi:https://registry.npmjs.org/@humanwhocodes%2fconfig-array set size:undefined disposed:false
1299 http fetch GET 200 https://registry.npmjs.org/@alloc%2fquick-lru 7507ms (cache miss)
1300 silly packumentCache corgi:https://registry.npmjs.org/@alloc%2fquick-lru set size:undefined disposed:false
1301 http fetch GET 200 https://registry.npmjs.org/@eslint-community%2fregexpp 7517ms (cache miss)
1302 silly packumentCache corgi:https://registry.npmjs.org/@eslint-community%2fregexpp set size:undefined disposed:false
1303 http fetch GET 200 https://registry.npmjs.org/@types%2fnode 7530ms (cache miss)
1304 silly packumentCache corgi:https://registry.npmjs.org/@types%2fnode set size:undefined disposed:false
1305 http fetch GET 200 https://registry.npmjs.org/string-width 7544ms (cache miss)
1306 silly packumentCache corgi:https://registry.npmjs.org/string-width set size:undefined disposed:false
1307 http fetch GET 200 https://registry.npmjs.org/emoji-regex 7606ms (cache miss)
1308 silly packumentCache corgi:https://registry.npmjs.org/emoji-regex set size:undefined disposed:false
1309 http fetch GET 200 https://registry.npmjs.org/ansi-regex 7626ms (cache miss)
1310 silly packumentCache corgi:https://registry.npmjs.org/ansi-regex set size:undefined disposed:false
1311 http fetch GET 200 https://registry.npmjs.org/strip-ansi 7636ms (cache miss)
1312 silly packumentCache corgi:https://registry.npmjs.org/strip-ansi set size:undefined disposed:false
1313 http fetch GET 200 https://registry.npmjs.org/ansi-styles 7685ms (cache miss)
1314 silly packumentCache corgi:https://registry.npmjs.org/ansi-styles set size:undefined disposed:false
1315 http fetch GET 200 https://registry.npmjs.org/picomatch 7767ms (cache miss)
1316 silly packumentCache corgi:https://registry.npmjs.org/picomatch set size:undefined disposed:false
1317 http fetch GET 200 https://registry.npmjs.org/ansi-regex 7776ms (cache miss)
1318 silly packumentCache corgi:https://registry.npmjs.org/ansi-regex set size:undefined disposed:false
1319 http fetch GET 200 https://registry.npmjs.org/strip-ansi 7779ms (cache miss)
1320 silly packumentCache corgi:https://registry.npmjs.org/strip-ansi set size:undefined disposed:false
1321 http fetch GET 200 https://registry.npmjs.org/emoji-regex 7858ms (cache miss)
1322 silly packumentCache corgi:https://registry.npmjs.org/emoji-regex set size:undefined disposed:false
1323 http fetch GET 200 https://registry.npmjs.org/fdir 7866ms (cache miss)
1324 silly packumentCache corgi:https://registry.npmjs.org/fdir set size:undefined disposed:false
1325 http fetch GET 200 https://registry.npmjs.org/doctrine 7965ms (cache miss)
1326 silly packumentCache corgi:https://registry.npmjs.org/doctrine set size:undefined disposed:false
1327 http fetch GET 200 https://registry.npmjs.org/glob-parent 7973ms (cache miss)
1328 silly packumentCache corgi:https://registry.npmjs.org/glob-parent set size:undefined disposed:false
1329 http fetch GET 200 https://registry.npmjs.org/doctrine 8057ms (cache miss)
1330 silly packumentCache corgi:https://registry.npmjs.org/doctrine set size:undefined disposed:false
1331 http fetch GET 200 https://registry.npmjs.org/brace-expansion 8155ms (cache miss)
1332 silly packumentCache corgi:https://registry.npmjs.org/brace-expansion set size:undefined disposed:false
1333 http fetch GET 200 https://registry.npmjs.org/debug 8159ms (cache miss)
1334 silly packumentCache corgi:https://registry.npmjs.org/debug set size:undefined disposed:false
1335 http fetch GET 200 https://registry.npmjs.org/debug 8161ms (cache miss)
1336 silly packumentCache corgi:https://registry.npmjs.org/debug set size:undefined disposed:false
1337 http fetch GET 200 https://registry.npmjs.org/glob-parent 8170ms (cache miss)
1338 silly packumentCache corgi:https://registry.npmjs.org/glob-parent set size:undefined disposed:false
1339 http fetch GET 200 https://registry.npmjs.org/debug 8176ms (cache miss)
1340 silly packumentCache corgi:https://registry.npmjs.org/debug set size:undefined disposed:false
1341 http fetch GET 200 https://registry.npmjs.org/ansi-regex 8360ms (cache miss)
1342 silly packumentCache corgi:https://registry.npmjs.org/ansi-regex set size:undefined disposed:false
1343 http fetch GET 200 https://registry.npmjs.org/brace-expansion 8425ms (cache miss)
1344 silly packumentCache corgi:https://registry.npmjs.org/brace-expansion set size:undefined disposed:false
1345 http fetch GET 200 https://registry.npmjs.org/strip-ansi 8408ms (cache miss)
1346 silly packumentCache corgi:https://registry.npmjs.org/strip-ansi set size:undefined disposed:false
1347 http fetch GET 200 https://registry.npmjs.org/axe-core 8509ms (cache miss)
1348 silly packumentCache corgi:https://registry.npmjs.org/axe-core set size:undefined disposed:false
1349 http fetch GET 200 https://registry.npmjs.org/eslint-config-next/-/eslint-config-next-14.2.5.tgz 7624ms (cache miss)
1350 http fetch GET 200 https://registry.npmjs.org/minimatch/-/minimatch-3.1.5.tgz 7624ms (cache miss)
1351 http fetch GET 200 https://registry.npmjs.org/postcss/-/postcss-8.5.26.tgz 7651ms (cache miss)
1352 http fetch GET 200 https://registry.npmjs.org/@emnapi/wasi-threads/-/wasi-threads-1.2.3.tgz 8771ms (cache miss)
1353 http fetch GET 200 https://registry.npmjs.org/glob/-/glob-7.2.3.tgz 7692ms (cache miss)
1354 http fetch GET 200 https://registry.npmjs.org/@next/eslint-plugin-next/-/eslint-plugin-next-14.2.5.tgz 7826ms (cache miss)
1355 http fetch GET 200 https://registry.npmjs.org/typed-array-length/-/typed-array-length-1.0.8.tgz 6292ms (cache miss)
1356 http fetch GET 200 https://registry.npmjs.org/yocto-queue/-/yocto-queue-0.1.0.tgz 6282ms (cache miss)
1357 http fetch GET 200 https://registry.npmjs.org/@typescript-eslint/parser/-/parser-7.2.0.tgz 7946ms (cache miss)
1358 http fetch GET 200 https://registry.npmjs.org/util-deprecate/-/util-deprecate-1.0.2.tgz 6681ms (cache miss)
1359 http fetch GET 200 https://registry.npmjs.org/unbox-primitive/-/unbox-primitive-1.1.0.tgz 6504ms (cache miss)
1360 http fetch GET 200 https://registry.npmjs.org/which-collection/-/which-collection-1.0.2.tgz 6653ms (cache miss)
1361 http fetch GET 200 https://registry.npmjs.org/word-wrap/-/word-wrap-1.2.5.tgz 6525ms (cache miss)
1362 http fetch GET 200 https://registry.npmjs.org/typed-array-byte-length/-/typed-array-byte-length-1.0.3.tgz 6518ms (cache miss)
1363 http fetch GET 200 https://registry.npmjs.org/wrappy/-/wrappy-1.0.2.tgz 6618ms (cache miss)
1364 http fetch GET 200 https://registry.npmjs.org/unrs-resolver/-/unrs-resolver-1.12.2.tgz 6620ms (cache miss)
1365 http fetch GET 200 https://registry.npmjs.org/typed-array-buffer/-/typed-array-buffer-1.0.3.tgz 6620ms (cache miss)
1366 http fetch GET 200 https://registry.npmjs.org/typed-array-byte-offset/-/typed-array-byte-offset-1.0.4.tgz 6629ms (cache miss)
1367 http fetch GET 200 https://registry.npmjs.org/supports-preserve-symlinks-flag/-/supports-preserve-symlinks-flag-1.0.0.tgz 6638ms (cache miss)
1368 http fetch GET 200 https://registry.npmjs.org/@next%2fswc-win32-x64-msvc 9662ms (cache miss)
1369 silly packumentCache corgi:https://registry.npmjs.org/@next%2fswc-win32-x64-msvc set size:undefined disposed:false
1370 http fetch GET 200 https://registry.npmjs.org/which-typed-array/-/which-typed-array-1.1.22.tgz 6771ms (cache miss)
1371 http fetch GET 200 https://registry.npmjs.org/text-table/-/text-table-0.2.0.tgz 6812ms (cache miss)
1372 http fetch GET 200 https://registry.npmjs.org/streamsearch/-/streamsearch-1.1.0.tgz 6825ms (cache miss)
1373 http fetch GET 200 https://registry.npmjs.org/tiny-invariant/-/tiny-invariant-1.3.3.tgz 6822ms (cache miss)
1374 http fetch GET 200 https://registry.npmjs.org/string.prototype.repeat/-/string.prototype.repeat-1.0.0.tgz 6681ms (cache miss)
1375 http fetch GET 200 https://registry.npmjs.org/stop-iteration-iterator/-/stop-iteration-iterator-1.1.0.tgz 6684ms (cache miss)
1376 http fetch GET 200 https://registry.npmjs.org/type-check/-/type-check-0.4.0.tgz 6688ms (cache miss)
1377 http fetch GET 200 https://registry.npmjs.org/thenify-all/-/thenify-all-1.6.0.tgz 6749ms (cache miss)
1378 http fetch GET 200 https://registry.npmjs.org/wrap-ansi/-/wrap-ansi-7.0.0.tgz 6788ms (cache miss)
1379 http fetch GET 200 https://registry.npmjs.org/set-function-name/-/set-function-name-2.0.2.tgz 6822ms (cache miss)
1380 http fetch GET 200 https://registry.npmjs.org/thenify/-/thenify-3.3.1.tgz 6833ms (cache miss)
1381 http fetch GET 200 https://registry.npmjs.org/which-boxed-primitive/-/which-boxed-primitive-1.1.1.tgz 6817ms (cache miss)
1382 http fetch GET 200 https://registry.npmjs.org/string.prototype.includes/-/string.prototype.includes-2.0.1.tgz 6840ms (cache miss)
1383 http fetch GET 200 https://registry.npmjs.org/strip-json-comments/-/strip-json-comments-3.1.1.tgz 6838ms (cache miss)
1384 http fetch GET 200 https://registry.npmjs.org/set-proto/-/set-proto-1.0.0.tgz 6843ms (cache miss)
1385 http fetch GET 200 https://registry.npmjs.org/strip-bom/-/strip-bom-3.0.0.tgz 6860ms (cache miss)
1386 http fetch GET 200 https://registry.npmjs.org/set-function-length/-/set-function-length-1.2.2.tgz 6991ms (cache miss)
1387 http fetch GET 200 https://registry.npmjs.org/resolve-from/-/resolve-from-4.0.0.tgz 7001ms (cache miss)
1388 http fetch GET 200 https://registry.npmjs.org/stable-hash/-/stable-hash-0.0.5.tgz 7075ms (cache miss)
1389 http fetch GET 200 https://registry.npmjs.org/wrap-ansi/-/wrap-ansi-8.1.0.tgz 7092ms (cache miss)
1390 http fetch GET 200 https://registry.npmjs.org/shebang-regex/-/shebang-regex-3.0.0.tgz 7085ms (cache miss)
1391 http fetch GET 200 https://registry.npmjs.org/which-builtin-type/-/which-builtin-type-1.2.1.tgz 7092ms (cache miss)
1392 http fetch GET 200 https://registry.npmjs.org/reusify/-/reusify-1.1.0.tgz 7091ms (cache miss)
1393 http fetch GET 200 https://registry.npmjs.org/@typescript-eslint%2fvisitor-keys 10374ms (cache miss)
1394 silly packumentCache corgi:https://registry.npmjs.org/@typescript-eslint%2fvisitor-keys set size:undefined disposed:false
1395 http fetch GET 200 https://registry.npmjs.org/side-channel/-/side-channel-1.1.1.tgz 7150ms (cache miss)
1396 http fetch GET 200 https://registry.npmjs.org/safe-array-concat/-/safe-array-concat-1.1.4.tgz 7143ms (cache miss)
1397 http fetch GET 200 https://registry.npmjs.org/to-regex-range/-/to-regex-range-5.0.1.tgz 7145ms (cache miss)
1398 http fetch GET 200 https://registry.npmjs.org/side-channel-weakmap/-/side-channel-weakmap-1.0.2.tgz 7148ms (cache miss)
1399 http fetch GET 200 https://registry.npmjs.org/postcss/-/postcss-8.4.31.tgz 9340ms (cache miss)
1400 http fetch GET 200 https://registry.npmjs.org/signal-exit/-/signal-exit-4.1.0.tgz 7235ms (cache miss)
1401 http fetch GET 200 https://registry.npmjs.org/source-map-js/-/source-map-js-1.2.1.tgz 7321ms (cache miss)
1402 http fetch GET 200 https://registry.npmjs.org/strip-ansi/-/strip-ansi-6.0.1.tgz 7496ms (cache miss)
1403 http fetch GET 200 https://registry.npmjs.org/slash/-/slash-3.0.0.tgz 7518ms (cache miss)
1404 http fetch GET 200 https://registry.npmjs.org/ts-interface-checker/-/ts-interface-checker-0.1.13.tgz 7569ms (cache miss)
1405 http fetch GET 200 https://registry.npmjs.org/string.prototype.trim/-/string.prototype.trim-1.2.11.tgz 7564ms (cache miss)
1406 http fetch GET 200 https://registry.npmjs.org/minimatch/-/minimatch-9.0.9.tgz 9750ms (cache miss)
1407 http fetch GET 200 https://registry.npmjs.org/tinyglobby/-/tinyglobby-0.2.17.tgz 7578ms (cache miss)
1408 http fetch GET 200 https://registry.npmjs.org/string.prototype.trimstart/-/string.prototype.trimstart-1.0.8.tgz 7590ms (cache miss)
1409 http fetch GET 200 https://registry.npmjs.org/shebang-command/-/shebang-command-2.0.0.tgz 7590ms (cache miss)
1410 http fetch GET 200 https://registry.npmjs.org/side-channel-list/-/side-channel-list-1.0.1.tgz 7594ms (cache miss)
1411 http fetch GET 200 https://registry.npmjs.org/safe-push-apply/-/safe-push-apply-1.0.0.tgz 7597ms (cache miss)
1412 http fetch GET 200 https://registry.npmjs.org/undici-types/-/undici-types-6.21.0.tgz 7643ms (cache miss)
1413 http fetch GET 200 https://registry.npmjs.org/safe-regex-test/-/safe-regex-test-1.1.0.tgz 7651ms (cache miss)
1414 http fetch GET 200 https://registry.npmjs.org/strip-ansi/-/strip-ansi-6.0.1.tgz 7672ms (cache miss)
1415 http fetch GET 200 https://registry.npmjs.org/reflect.getprototypeof/-/reflect.getprototypeof-1.0.10.tgz 7681ms (cache miss)
1416 http fetch GET 200 https://registry.npmjs.org/regexp.prototype.flags/-/regexp.prototype.flags-1.5.4.tgz 7698ms (cache miss)
1417 http fetch GET 200 https://registry.npmjs.org/string-width/-/string-width-5.1.2.tgz 7707ms (cache miss)
1418 http fetch GET 200 https://registry.npmjs.org/run-parallel/-/run-parallel-1.2.0.tgz 7719ms (cache miss)
1419 http fetch GET 200 https://registry.npmjs.org/side-channel-map/-/side-channel-map-1.0.1.tgz 7721ms (cache miss)
1420 http fetch GET 200 https://registry.npmjs.org/readdirp/-/readdirp-3.6.0.tgz 7833ms (cache miss)
1421 http fetch GET 200 https://registry.npmjs.org/@next%2fenv 11193ms (cache miss)
1422 silly packumentCache corgi:https://registry.npmjs.org/@next%2fenv set size:undefined disposed:false
1423 http fetch GET 200 https://registry.npmjs.org/prelude-ls/-/prelude-ls-1.2.1.tgz 7873ms (cache miss)
1424 http fetch GET 200 https://registry.npmjs.org/read-cache/-/read-cache-1.0.2.tgz 7866ms (cache miss)
1425 http fetch GET 200 https://registry.npmjs.org/string.prototype.trimend/-/string.prototype.trimend-1.0.10.tgz 7911ms (cache miss)
1426 http fetch GET 200 https://registry.npmjs.org/string-width/-/string-width-4.2.3.tgz 7878ms (cache miss)
1427 http fetch GET 200 https://registry.npmjs.org/prop-types/-/prop-types-15.8.1.tgz 7892ms (cache miss)
1428 http fetch GET 200 https://registry.npmjs.org/react 11343ms (cache miss)
1429 silly packumentCache corgi:https://registry.npmjs.org/react set size:undefined disposed:false
1430 http fetch GET 200 https://registry.npmjs.org/postcss-value-parser/-/postcss-value-parser-4.2.0.tgz 7976ms (cache miss)
1431 http fetch GET 200 https://registry.npmjs.org/tslib/-/tslib-2.8.1.tgz 8017ms (cache miss)
1432 http fetch GET 200 https://registry.npmjs.org/supports-color/-/supports-color-7.2.0.tgz 7995ms (cache miss)
1433 http fetch GET 200 https://registry.npmjs.org/resolve-pkg-maps/-/resolve-pkg-maps-1.0.0.tgz 8025ms (cache miss)
1434 http fetch GET 200 https://registry.npmjs.org/path-type/-/path-type-4.0.0.tgz 8076ms (cache miss)
1435 http fetch GET 200 https://registry.npmjs.org/pirates/-/pirates-4.0.7.tgz 8081ms (cache miss)
1436 http fetch GET 200 https://registry.npmjs.org/string.prototype.matchall/-/string.prototype.matchall-4.0.12.tgz 8099ms (cache miss)
1437 http fetch GET 200 https://registry.npmjs.org/punycode/-/punycode-2.3.1.tgz 8094ms (cache miss)
1438 http fetch GET 200 https://registry.npmjs.org/queue-microtask/-/queue-microtask-1.2.3.tgz 8009ms (cache miss)
1439 http fetch GET 200 https://registry.npmjs.org/picocolors/-/picocolors-1.1.1.tgz 8040ms (cache miss)
1440 http fetch GET 200 https://registry.npmjs.org/possible-typed-array-names/-/possible-typed-array-names-1.1.0.tgz 8129ms (cache miss)
1441 http fetch GET 200 https://registry.npmjs.org/react-is 11627ms (cache miss)
1442 silly packumentCache corgi:https://registry.npmjs.org/react-is set size:undefined disposed:false
1443 http fetch GET 200 https://registry.npmjs.org/react-transition-group/-/react-transition-group-4.4.5.tgz 8123ms (cache miss)
1444 http fetch GET 200 https://registry.npmjs.org/recharts-scale/-/recharts-scale-0.4.5.tgz 8175ms (cache miss)
1445 http fetch GET 200 https://registry.npmjs.org/path-parse/-/path-parse-1.0.7.tgz 8182ms (cache miss)
1446 http fetch GET 200 https://registry.npmjs.org/uri-js/-/uri-js-4.4.1.tgz 8737ms (cache miss)
1447 http fetch GET 200 https://registry.npmjs.org/path-exists/-/path-exists-4.0.0.tgz 8181ms (cache miss)
1448 http fetch GET 200 https://registry.npmjs.org/ts-api-utils/-/ts-api-utils-1.4.3.tgz 8294ms (cache miss)
1449 http fetch GET 200 https://registry.npmjs.org/postcss-load-config/-/postcss-load-config-6.0.1.tgz 8266ms (cache miss)
1450 http fetch GET 200 https://registry.npmjs.org/p-locate/-/p-locate-5.0.0.tgz 8324ms (cache miss)
1451 http fetch GET 200 https://registry.npmjs.org/path-key/-/path-key-3.1.1.tgz 8339ms (cache miss)
1452 http fetch GET 200 https://registry.npmjs.org/path-is-absolute/-/path-is-absolute-1.0.1.tgz 8339ms (cache miss)
1453 http fetch GET 200 https://registry.npmjs.org/postcss-import/-/postcss-import-15.1.0.tgz 8364ms (cache miss)
1454 http fetch GET 200 https://registry.npmjs.org/postcss-nested/-/postcss-nested-6.2.0.tgz 8342ms (cache miss)
1455 http fetch GET 200 https://registry.npmjs.org/parent-module/-/parent-module-1.0.1.tgz 8375ms (cache miss)
1456 http fetch GET 200 https://registry.npmjs.org/picomatch/-/picomatch-2.3.2.tgz 8459ms (cache miss)
1457 http fetch GET 200 https://registry.npmjs.org/postcss-js/-/postcss-js-4.1.0.tgz 8422ms (cache miss)
1458 http fetch GET 200 https://registry.npmjs.org/minimatch/-/minimatch-9.0.3.tgz 10820ms (cache miss)
1459 http fetch GET 200 https://registry.npmjs.org/p-limit/-/p-limit-3.1.0.tgz 8429ms (cache miss)
1460 http fetch GET 200 https://registry.npmjs.org/path-scurry/-/path-scurry-1.11.1.tgz 8568ms (cache miss)
1461 http fetch GET 200 https://registry.npmjs.org/object.fromentries/-/object.fromentries-2.0.8.tgz 8547ms (cache miss)
1462 http fetch GET 200 https://registry.npmjs.org/once/-/once-1.4.0.tgz 8558ms (cache miss)
1463 http fetch GET 200 https://registry.npmjs.org/own-keys/-/own-keys-1.0.2.tgz 8511ms (cache miss)
1464 http fetch GET 200 https://registry.npmjs.org/optionator/-/optionator-0.9.4.tgz 8534ms (cache miss)
1465 http fetch GET 200 https://registry.npmjs.org/object.values/-/object.values-1.2.1.tgz 8537ms (cache miss)
1466 http fetch GET 200 https://registry.npmjs.org/object.assign/-/object.assign-4.1.7.tgz 8566ms (cache miss)
1467 http fetch GET 200 https://registry.npmjs.org/object.entries/-/object.entries-1.1.9.tgz 8593ms (cache miss)
1468 http fetch GET 200 https://registry.npmjs.org/normalize-path/-/normalize-path-3.0.0.tgz 8589ms (cache miss)
1469 http fetch GET 200 https://registry.npmjs.org/natural-compare/-/natural-compare-1.4.0.tgz 8599ms (cache miss)
1470 http fetch GET 200 https://registry.npmjs.org/object-assign/-/object-assign-4.1.1.tgz 8669ms (cache miss)
1471 http fetch GET 200 https://registry.npmjs.org/mz/-/mz-2.7.0.tgz 8734ms (cache miss)
1472 http fetch GET 200 https://registry.npmjs.org/ms/-/ms-2.1.3.tgz 8831ms (cache miss)
1473 http fetch GET 200 https://registry.npmjs.org/react-smooth/-/react-smooth-4.0.4.tgz 9010ms (cache miss)
1474 http fetch GET 200 https://registry.npmjs.org/object-keys/-/object-keys-1.1.1.tgz 8887ms (cache miss)
1475 http fetch GET 200 https://registry.npmjs.org/node-exports-info/-/node-exports-info-1.6.2.tgz 8918ms (cache miss)
1476 http fetch GET 200 https://registry.npmjs.org/object-hash/-/object-hash-3.0.0.tgz 8981ms (cache miss)
1477 http fetch GET 200 https://registry.npmjs.org/object.groupby/-/object.groupby-1.0.3.tgz 8982ms (cache miss)
1478 http fetch GET 200 https://registry.npmjs.org/minimist/-/minimist-1.2.8.tgz 8992ms (cache miss)
1479 http fetch GET 200 https://registry.npmjs.org/object-inspect/-/object-inspect-1.13.4.tgz 9071ms (cache miss)
1480 http fetch GET 200 https://registry.npmjs.org/math-intrinsics/-/math-intrinsics-1.1.0.tgz 9063ms (cache miss)
1481 http fetch GET 200 https://registry.npmjs.org/micromatch/-/micromatch-4.0.8.tgz 9074ms (cache miss)
1482 http fetch GET 200 https://registry.npmjs.org/merge2/-/merge2-1.4.1.tgz 9132ms (cache miss)
1483 http fetch GET 200 https://registry.npmjs.org/type-fest/-/type-fest-0.20.2.tgz 9313ms (cache miss)
1484 http fetch GET 200 https://registry.npmjs.org/postcss-selector-parser/-/postcss-selector-parser-6.1.4.tgz 9392ms (cache miss)
1485 http fetch GET 200 https://registry.npmjs.org/locate-path/-/locate-path-6.0.0.tgz 9206ms (cache miss)
1486 http fetch GET 200 https://registry.npmjs.org/language-tags/-/language-tags-1.0.9.tgz 9290ms (cache miss)
1487 http fetch GET 200 https://registry.npmjs.org/minipass/-/minipass-7.1.3.tgz 9349ms (cache miss)
1488 warn deprecated recharts@2.15.4: 1.x and 2.x branches are no longer active. Bump to Recharts v3 to receive latest features and bugfixes. See https://github.com/recharts/recharts/wiki/3.0-migration-guide
1489 http fetch GET 200 https://registry.npmjs.org/levn/-/levn-0.4.1.tgz 9312ms (cache miss)
1490 http fetch GET 200 https://registry.npmjs.org/lodash.merge/-/lodash.merge-4.6.2.tgz 9409ms (cache miss)
1491 http fetch GET 200 https://registry.npmjs.org/lilconfig/-/lilconfig-3.1.3.tgz 9405ms (cache miss)
1492 http fetch GET 200 https://registry.npmjs.org/lines-and-columns/-/lines-and-columns-1.2.4.tgz 9405ms (cache miss)
1493 http fetch GET 200 https://registry.npmjs.org/json-schema-traverse/-/json-schema-traverse-0.4.1.tgz 9403ms (cache miss)
1494 http fetch GET 200 https://registry.npmjs.org/tsconfig-paths/-/tsconfig-paths-3.15.0.tgz 10002ms (cache miss)
1495 http fetch GET 200 https://registry.npmjs.org/json-stable-stringify-without-jsonify/-/json-stable-stringify-without-jsonify-1.0.1.tgz 9310ms (cache miss)
1496 http fetch GET 200 https://registry.npmjs.org/isexe/-/isexe-2.0.0.tgz 9591ms (cache miss)
1497 http fetch GET 200 https://registry.npmjs.org/json-buffer/-/json-buffer-3.0.1.tgz 9599ms (cache miss)
1498 http fetch GET 200 https://registry.npmjs.org/is-weakmap/-/is-weakmap-2.0.2.tgz 9671ms (cache miss)
1499 http fetch GET 200 https://registry.npmjs.org/@typescript-eslint/typescript-estree/-/typescript-estree-7.2.0.tgz 12687ms (cache miss)
1500 http fetch GET 200 https://registry.npmjs.org/is-weakset/-/is-weakset-2.0.4.tgz 9753ms (cache miss)
1501 http fetch GET 200 https://registry.npmjs.org/iterator.prototype/-/iterator.prototype-1.1.5.tgz 9751ms (cache miss)
1502 http fetch GET 200 https://registry.npmjs.org/js-tokens/-/js-tokens-4.0.0.tgz 9795ms (cache miss)
1503 http fetch GET 200 https://registry.npmjs.org/tailwind-merge/-/tailwind-merge-2.6.1.tgz 9982ms (cache miss)
1504 http fetch GET 200 https://registry.npmjs.org/lru-cache/-/lru-cache-10.4.3.tgz 10087ms (cache miss)
1505 http fetch GET 200 https://registry.npmjs.org/is-regex/-/is-regex-1.2.1.tgz 10045ms (cache miss)
1506 http fetch GET 200 https://registry.npmjs.org/isarray/-/isarray-2.0.5.tgz 10043ms (cache miss)
1507 http fetch GET 200 https://registry.npmjs.org/is-shared-array-buffer/-/is-shared-array-buffer-1.0.4.tgz 10051ms (cache miss)
1508 http fetch GET 200 https://registry.npmjs.org/keyv/-/keyv-4.5.4.tgz 10050ms (cache miss)
1509 http fetch GET 200 https://registry.npmjs.org/react-dom 14284ms (cache miss)
1510 silly packumentCache corgi:https://registry.npmjs.org/react-dom set size:undefined disposed:false
1511 http fetch GET 200 https://registry.npmjs.org/@typescript-eslint%2ftypes 14325ms (cache miss)
1512 silly packumentCache corgi:https://registry.npmjs.org/@typescript-eslint%2ftypes set size:undefined disposed:false
1513 http fetch GET 200 https://registry.npmjs.org/is-weakref/-/is-weakref-1.1.1.tgz 10174ms (cache miss)
1514 http fetch GET 200 https://registry.npmjs.org/is-number-object/-/is-number-object-1.1.1.tgz 10258ms (cache miss)
1515 http fetch GET 200 https://registry.npmjs.org/is-set/-/is-set-2.0.3.tgz 10234ms (cache miss)
1516 http fetch GET 200 https://registry.npmjs.org/is-number/-/is-number-7.0.0.tgz 10237ms (cache miss)
1517 http fetch GET 200 https://registry.npmjs.org/is-symbol/-/is-symbol-1.1.1.tgz 10263ms (cache miss)
1518 http fetch GET 200 https://registry.npmjs.org/is-path-inside/-/is-path-inside-3.0.3.tgz 10356ms (cache miss)
1519 http fetch GET 200 https://registry.npmjs.org/is-finalizationregistry/-/is-finalizationregistry-1.1.1.tgz 10350ms (cache miss)
1520 http fetch GET 200 https://registry.npmjs.org/is-date-object/-/is-date-object-1.1.0.tgz 10350ms (cache miss)
1521 http fetch GET 200 https://registry.npmjs.org/is-extglob/-/is-extglob-2.1.1.tgz 10358ms (cache miss)
1522 http fetch GET 200 https://registry.npmjs.org/is-negative-zero/-/is-negative-zero-2.0.3.tgz 10363ms (cache miss)
1523 http fetch GET 200 https://registry.npmjs.org/is-map/-/is-map-2.0.3.tgz 10385ms (cache miss)
1524 http fetch GET 200 https://registry.npmjs.org/is-fullwidth-code-point/-/is-fullwidth-code-point-3.0.0.tgz 10368ms (cache miss)
1525 http fetch GET 200 https://registry.npmjs.org/is-generator-function/-/is-generator-function-1.1.2.tgz 10368ms (cache miss)
1526 http fetch GET 200 https://registry.npmjs.org/is-data-view/-/is-data-view-1.0.2.tgz 10387ms (cache miss)
1527 http fetch GET 200 https://registry.npmjs.org/is-glob/-/is-glob-4.0.3.tgz 10389ms (cache miss)
1528 http fetch GET 200 https://registry.npmjs.org/styled-jsx/-/styled-jsx-5.1.1.tgz 11099ms (cache miss)
1529 http fetch GET 200 https://registry.npmjs.org/internmap/-/internmap-2.0.3.tgz 10518ms (cache miss)
1530 http fetch GET 200 https://registry.npmjs.org/is-document.all/-/is-document.all-1.0.0.tgz 10532ms (cache miss)
1531 http fetch GET 200 https://registry.npmjs.org/hasown/-/hasown-2.0.4.tgz 10446ms (cache miss)
1532 http fetch GET 200 https://registry.npmjs.org/has-tostringtag/-/has-tostringtag-1.0.2.tgz 10447ms (cache miss)
1533 http fetch GET 200 https://registry.npmjs.org/imurmurhash/-/imurmurhash-0.1.4.tgz 10514ms (cache miss)
1534 http fetch GET 200 https://registry.npmjs.org/is-bun-module/-/is-bun-module-2.0.0.tgz 10525ms (cache miss)
1535 http fetch GET 200 https://registry.npmjs.org/inherits/-/inherits-2.0.4.tgz 10528ms (cache miss)
1536 http fetch GET 200 https://registry.npmjs.org/is-bigint/-/is-bigint-1.1.0.tgz 10535ms (cache miss)
1537 http fetch GET 200 https://registry.npmjs.org/is-string/-/is-string-1.1.1.tgz 10509ms (cache miss)
1538 http fetch GET 200 https://registry.npmjs.org/is-array-buffer/-/is-array-buffer-3.0.5.tgz 10545ms (cache miss)
1539 http fetch GET 200 https://registry.npmjs.org/internal-slot/-/internal-slot-1.1.0.tgz 10553ms (cache miss)
1540 http fetch GET 200 https://registry.npmjs.org/is-binary-path/-/is-binary-path-2.1.0.tgz 10563ms (cache miss)
1541 http fetch GET 200 https://registry.npmjs.org/is-callable/-/is-callable-1.2.7.tgz 10572ms (cache miss)
1542 http fetch GET 200 https://registry.npmjs.org/is-typed-array/-/is-typed-array-1.1.15.tgz 10533ms (cache miss)
1543 http fetch GET 200 https://registry.npmjs.org/has-bigints/-/has-bigints-1.1.0.tgz 10577ms (cache miss)
1544 http fetch GET 200 https://registry.npmjs.org/gopd/-/gopd-1.2.0.tgz 10498ms (cache miss)
1545 http fetch GET 200 https://registry.npmjs.org/has-flag/-/has-flag-4.0.0.tgz 10582ms (cache miss)
1546 http fetch GET 200 https://registry.npmjs.org/graceful-fs/-/graceful-fs-4.2.11.tgz 10571ms (cache miss)
1547 http fetch GET 200 https://registry.npmjs.org/import-fresh/-/import-fresh-3.3.1.tgz 10598ms (cache miss)
1548 http fetch GET 200 https://registry.npmjs.org/get-symbol-description/-/get-symbol-description-1.1.0.tgz 10523ms (cache miss)
1549 http fetch GET 200 https://registry.npmjs.org/has-symbols/-/has-symbols-1.1.0.tgz 10618ms (cache miss)
1550 http fetch GET 200 https://registry.npmjs.org/ignore/-/ignore-5.3.2.tgz 10572ms (cache miss)
1551 http fetch GET 200 https://registry.npmjs.org/get-intrinsic/-/get-intrinsic-1.3.0.tgz 10513ms (cache miss)
1552 http fetch GET 200 https://registry.npmjs.org/has-property-descriptors/-/has-property-descriptors-1.0.2.tgz 10648ms (cache miss)
1553 http fetch GET 200 https://registry.npmjs.org/is-core-module/-/is-core-module-2.16.2.tgz 10565ms (cache miss)
1554 http fetch GET 200 https://registry.npmjs.org/generator-function/-/generator-function-2.0.1.tgz 10626ms (cache miss)
1555 http fetch GET 200 https://registry.npmjs.org/inflight/-/inflight-1.0.6.tgz 10613ms (cache miss)
1556 http fetch GET 200 https://registry.npmjs.org/function-bind/-/function-bind-1.1.2.tgz 10571ms (cache miss)
1557 http fetch GET 200 https://registry.npmjs.org/get-proto/-/get-proto-1.0.1.tgz 10570ms (cache miss)
1558 http fetch GET 200 https://registry.npmjs.org/globby/-/globby-11.1.0.tgz 10604ms (cache miss)
1559 http fetch GET 200 https://registry.npmjs.org/function.prototype.name/-/function.prototype.name-1.2.0.tgz 10628ms (cache miss)
1560 http fetch GET 200 https://registry.npmjs.org/glob-parent/-/glob-parent-6.0.2.tgz 10639ms (cache miss)
1561 http fetch GET 200 https://registry.npmjs.org/flatted/-/flatted-3.4.4.tgz 10563ms (cache miss)
1562 http fetch GET 200 https://registry.npmjs.org/find-up/-/find-up-5.0.0.tgz 10565ms (cache miss)
1563 http fetch GET 200 https://registry.npmjs.org/is-boolean-object/-/is-boolean-object-1.2.2.tgz 10639ms (cache miss)
1564 http fetch GET 200 https://registry.npmjs.org/flat-cache/-/flat-cache-3.2.0.tgz 10553ms (cache miss)
1565 http fetch GET 200 https://registry.npmjs.org/fast-levenshtein/-/fast-levenshtein-2.0.6.tgz 10539ms (cache miss)
1566 http fetch GET 200 https://registry.npmjs.org/is-async-function/-/is-async-function-2.1.1.tgz 10417ms (cache miss)
1567 http fetch GET 200 https://registry.npmjs.org/globalthis/-/globalthis-1.0.4.tgz 10413ms (cache miss)
1568 http fetch GET 200 https://registry.npmjs.org/has-proto/-/has-proto-1.2.0.tgz 10505ms (cache miss)
1569 http fetch GET 200 https://registry.npmjs.org/react-is/-/react-is-16.13.1.tgz 10473ms (cache miss)
1570 http fetch GET 200 https://registry.npmjs.org/foreground-child/-/foreground-child-3.3.1.tgz 10580ms (cache miss)
1571 http fetch GET 200 https://registry.npmjs.org/fast-deep-equal/-/fast-deep-equal-3.1.3.tgz 10440ms (cache miss)
1572 http fetch GET 200 https://registry.npmjs.org/globals/-/globals-13.24.0.tgz 10632ms (cache miss)
1573 http fetch GET 200 https://registry.npmjs.org/language-subtag-registry/-/language-subtag-registry-0.3.23.tgz 11050ms (cache miss)
1574 http fetch GET 200 https://registry.npmjs.org/get-tsconfig/-/get-tsconfig-4.14.3.tgz 10684ms (cache miss)
1575 http fetch GET 200 https://registry.npmjs.org/esutils/-/esutils-2.0.3.tgz 10474ms (cache miss)
1576 http fetch GET 200 https://registry.npmjs.org/functions-have-names/-/functions-have-names-1.2.3.tgz 10465ms (cache miss)
1577 http fetch GET 200 https://registry.npmjs.org/fast-glob/-/fast-glob-3.3.3.tgz 10500ms (cache miss)
1578 http fetch GET 200 https://registry.npmjs.org/fs.realpath/-/fs.realpath-1.0.0.tgz 10488ms (cache miss)
1579 http fetch GET 200 https://registry.npmjs.org/esrecurse/-/esrecurse-4.3.0.tgz 10492ms (cache miss)
1580 http fetch GET 200 https://registry.npmjs.org/file-entry-cache/-/file-entry-cache-6.0.1.tgz 10619ms (cache miss)
1581 http fetch GET 200 https://registry.npmjs.org/for-each/-/for-each-0.3.5.tgz 10488ms (cache miss)
1582 http fetch GET 200 https://registry.npmjs.org/estraverse/-/estraverse-5.3.0.tgz 10528ms (cache miss)
1583 http fetch GET 200 https://registry.npmjs.org/eventemitter3/-/eventemitter3-4.0.7.tgz 10532ms (cache miss)
1584 http fetch GET 200 https://registry.npmjs.org/fastq/-/fastq-1.20.1.tgz 10527ms (cache miss)
1585 http fetch GET 200 https://registry.npmjs.org/eslint-visitor-keys/-/eslint-visitor-keys-3.4.3.tgz 10526ms (cache miss)
1586 http fetch GET 200 https://registry.npmjs.org/fill-range/-/fill-range-7.1.1.tgz 10488ms (cache miss)
1587 http fetch GET 200 https://registry.npmjs.org/eslint-import-resolver-node/-/eslint-import-resolver-node-0.3.10.tgz 10507ms (cache miss)
1588 http fetch GET 200 https://registry.npmjs.org/espree/-/espree-9.6.1.tgz 10563ms (cache miss)
1589 http fetch GET 200 https://registry.npmjs.org/scheduler/-/scheduler-0.23.2.tgz 10528ms (cache miss)
1590 http fetch GET 200 https://registry.npmjs.org/eslint-module-utils/-/eslint-module-utils-2.14.0.tgz 10523ms (cache miss)
1591 http fetch GET 200 https://registry.npmjs.org/eslint-scope/-/eslint-scope-7.2.2.tgz 10595ms (cache miss)
1592 http fetch GET 200 https://registry.npmjs.org/es-set-tostringtag/-/es-set-tostringtag-2.1.0.tgz 10398ms (cache miss)
1593 http fetch GET 200 https://registry.npmjs.org/es-object-atoms/-/es-object-atoms-1.1.2.tgz 10401ms (cache miss)
1594 http fetch GET 200 https://registry.npmjs.org/es-errors/-/es-errors-1.3.0.tgz 10388ms (cache miss)
1595 http fetch GET 200 https://registry.npmjs.org/dunder-proto/-/dunder-proto-1.0.1.tgz 10352ms (cache miss)
1596 http fetch GET 200 https://registry.npmjs.org/escape-string-regexp/-/escape-string-regexp-4.0.0.tgz 10433ms (cache miss)
1597 http fetch GET 200 https://registry.npmjs.org/eslint-import-resolver-typescript/-/eslint-import-resolver-typescript-3.10.1.tgz 10498ms (cache miss)
1598 http fetch GET 200 https://registry.npmjs.org/es-to-primitive/-/es-to-primitive-1.3.4.tgz 10458ms (cache miss)
1599 http fetch GET 200 https://registry.npmjs.org/es-shim-unscopables/-/es-shim-unscopables-1.1.0.tgz 10490ms (cache miss)
1600 http fetch GET 200 https://registry.npmjs.org/fast-json-stable-stringify/-/fast-json-stable-stringify-2.1.0.tgz 10478ms (cache miss)
1601 http fetch GET 200 https://registry.npmjs.org/eastasianwidth/-/eastasianwidth-0.2.0.tgz 10459ms (cache miss)
1602 http fetch GET 200 https://registry.npmjs.org/es-define-property/-/es-define-property-1.0.1.tgz 10483ms (cache miss)
1603 http fetch GET 200 https://registry.npmjs.org/dlv/-/dlv-1.1.3.tgz 10472ms (cache miss)
1604 http fetch GET 200 https://registry.npmjs.org/es-abstract-get/-/es-abstract-get-1.0.0.tgz 10512ms (cache miss)
1605 http fetch GET 200 https://registry.npmjs.org/didyoumean/-/didyoumean-1.2.2.tgz 10472ms (cache miss)
1606 http fetch GET 200 https://registry.npmjs.org/dir-glob/-/dir-glob-3.0.1.tgz 10516ms (cache miss)
1607 http fetch GET 200 https://registry.npmjs.org/define-properties/-/define-properties-1.2.1.tgz 10514ms (cache miss)
1608 http fetch GET 200 https://registry.npmjs.org/dom-helpers/-/dom-helpers-5.2.1.tgz 10546ms (cache miss)
1609 http fetch GET 200 https://registry.npmjs.org/emoji-regex/-/emoji-regex-9.2.2.tgz 10545ms (cache miss)
1610 http fetch GET 200 https://registry.npmjs.org/damerau-levenshtein/-/damerau-levenshtein-1.0.8.tgz 10525ms (cache miss)
1611 http fetch GET 200 https://registry.npmjs.org/data-view-byte-offset/-/data-view-byte-offset-1.0.1.tgz 10598ms (cache miss)
1612 http fetch GET 200 https://registry.npmjs.org/define-data-property/-/define-data-property-1.1.4.tgz 10572ms (cache miss)
1613 http fetch GET 200 https://registry.npmjs.org/data-view-buffer/-/data-view-buffer-1.0.2.tgz 10570ms (cache miss)
1614 http fetch GET 200 https://registry.npmjs.org/d3-timer/-/d3-timer-3.0.1.tgz 10537ms (cache miss)
1615 http fetch GET 200 https://registry.npmjs.org/d3-time-format/-/d3-time-format-4.1.0.tgz 10545ms (cache miss)
1616 http fetch GET 200 https://registry.npmjs.org/debug/-/debug-4.4.3.tgz 10557ms (cache miss)
1617 http fetch GET 200 https://registry.npmjs.org/d3-interpolate/-/d3-interpolate-3.0.1.tgz 10549ms (cache miss)
1618 http fetch GET 200 https://registry.npmjs.org/doctrine/-/doctrine-3.0.0.tgz 10650ms (cache miss)
1619 http fetch GET 200 https://registry.npmjs.org/decimal.js-light/-/decimal.js-light-2.5.1.tgz 10628ms (cache miss)
1620 http fetch GET 200 https://registry.npmjs.org/d3-time/-/d3-time-3.1.0.tgz 10596ms (cache miss)
1621 http fetch GET 200 https://registry.npmjs.org/d3-format/-/d3-format-3.1.2.tgz 10580ms (cache miss)
1622 http fetch GET 200 https://registry.npmjs.org/d3-scale/-/d3-scale-4.0.2.tgz 10632ms (cache miss)
1623 http fetch GET 200 https://registry.npmjs.org/d3-path/-/d3-path-3.1.0.tgz 10628ms (cache miss)
1624 http fetch GET 200 https://registry.npmjs.org/d3-color/-/d3-color-3.1.0.tgz 10648ms (cache miss)
1625 http fetch GET 200 https://registry.npmjs.org/d3-shape/-/d3-shape-3.2.0.tgz 10653ms (cache miss)
1626 http fetch GET 200 https://registry.npmjs.org/cross-spawn/-/cross-spawn-7.0.6.tgz 10565ms (cache miss)
1627 http fetch GET 200 https://registry.npmjs.org/d3-array/-/d3-array-3.2.4.tgz 10678ms (cache miss)
1628 http fetch GET 200 https://registry.npmjs.org/d3-ease/-/d3-ease-3.0.1.tgz 10639ms (cache miss)
1629 http fetch GET 200 https://registry.npmjs.org/data-view-byte-length/-/data-view-byte-length-1.0.2.tgz 10561ms (cache miss)
1630 http fetch GET 200 https://registry.npmjs.org/deep-is/-/deep-is-0.1.4.tgz 10588ms (cache miss)
1631 http fetch GET 200 https://registry.npmjs.org/concat-map/-/concat-map-0.0.1.tgz 10567ms (cache miss)
1632 http fetch GET 200 https://registry.npmjs.org/clsx/-/clsx-2.1.1.tgz 10599ms (cache miss)
1633 http fetch GET 200 https://registry.npmjs.org/camelcase-css/-/camelcase-css-2.0.1.tgz 10614ms (cache miss)
1634 http fetch GET 200 https://registry.npmjs.org/color-convert/-/color-convert-2.0.1.tgz 10639ms (cache miss)
1635 http fetch GET 200 https://registry.npmjs.org/callsites/-/callsites-3.1.0.tgz 10593ms (cache miss)
1636 http fetch GET 200 https://registry.npmjs.org/client-only/-/client-only-0.0.1.tgz 10635ms (cache miss)
1637 http fetch GET 200 https://registry.npmjs.org/color-name/-/color-name-1.1.4.tgz 10642ms (cache miss)
1638 http fetch GET 200 https://registry.npmjs.org/balanced-match/-/balanced-match-1.0.2.tgz 10585ms (cache miss)
1639 http fetch GET 200 https://registry.npmjs.org/chalk/-/chalk-4.1.2.tgz 10688ms (cache miss)
1640 http fetch GET 200 https://registry.npmjs.org/call-bind-apply-helpers/-/call-bind-apply-helpers-1.0.2.tgz 10635ms (cache miss)
1641 http fetch GET 200 https://registry.npmjs.org/commander/-/commander-4.1.1.tgz 10689ms (cache miss)
1642 http fetch GET 200 https://registry.npmjs.org/binary-extensions/-/binary-extensions-2.3.0.tgz 10684ms (cache miss)
1643 http fetch GET 200 https://registry.npmjs.org/async-function/-/async-function-1.0.0.tgz 10648ms (cache miss)
1644 http fetch GET 200 https://registry.npmjs.org/busboy/-/busboy-1.6.0.tgz 10722ms (cache miss)
1645 http fetch GET 200 https://registry.npmjs.org/axobject-query/-/axobject-query-4.1.0.tgz 10697ms (cache miss)
1646 http fetch GET 200 https://registry.npmjs.org/brace-expansion/-/brace-expansion-1.1.18.tgz 10725ms (cache miss)
1647 http fetch GET 200 https://registry.npmjs.org/arraybuffer.prototype.slice/-/arraybuffer.prototype.slice-1.0.4.tgz 10648ms (cache miss)
1648 http fetch GET 200 https://registry.npmjs.org/braces/-/braces-3.0.3.tgz 10728ms (cache miss)
1649 http fetch GET 200 https://registry.npmjs.org/array.prototype.findlast/-/array.prototype.findlast-1.2.5.tgz 10577ms (cache miss)
1650 http fetch GET 200 https://registry.npmjs.org/call-bind/-/call-bind-1.0.9.tgz 10752ms (cache miss)
1651 http fetch GET 200 https://registry.npmjs.org/array.prototype.tosorted/-/array.prototype.tosorted-1.1.4.tgz 10629ms (cache miss)
1652 http fetch GET 200 https://registry.npmjs.org/ast-types-flow/-/ast-types-flow-0.0.8.tgz 10791ms (cache miss)
1653 http fetch GET 200 https://registry.npmjs.org/available-typed-arrays/-/available-typed-arrays-1.0.7.tgz 10654ms (cache miss)
1654 http fetch GET 200 https://registry.npmjs.org/array.prototype.flatmap/-/array.prototype.flatmap-1.3.3.tgz 10653ms (cache miss)
1655 http fetch GET 200 https://registry.npmjs.org/array.prototype.flat/-/array.prototype.flat-1.3.3.tgz 10674ms (cache miss)
1656 http fetch GET 200 https://registry.npmjs.org/call-bound/-/call-bound-1.0.4.tgz 10672ms (cache miss)
1657 http fetch GET 200 https://registry.npmjs.org/array.prototype.findlastindex/-/array.prototype.findlastindex-1.2.6.tgz 10672ms (cache miss)
1658 http fetch GET 200 https://registry.npmjs.org/array-buffer-byte-length/-/array-buffer-byte-length-1.0.2.tgz 10670ms (cache miss)
1659 http fetch GET 200 https://registry.npmjs.org/array-union/-/array-union-2.1.0.tgz 10715ms (cache miss)
1660 http fetch GET 200 https://registry.npmjs.org/array-includes/-/array-includes-3.1.9.tgz 10700ms (cache miss)
1661 http fetch GET 200 https://registry.npmjs.org/any-promise/-/any-promise-1.3.0.tgz 10613ms (cache miss)
1662 http fetch GET 200 https://registry.npmjs.org/arg/-/arg-5.0.2.tgz 10681ms (cache miss)
1663 http fetch GET 200 https://registry.npmjs.org/ansi-styles/-/ansi-styles-4.3.0.tgz 10584ms (cache miss)
1664 http fetch GET 200 https://registry.npmjs.org/acorn-jsx/-/acorn-jsx-5.3.2.tgz 10589ms (cache miss)
1665 http fetch GET 200 https://registry.npmjs.org/@types/prop-types/-/prop-types-15.7.15.tgz 10468ms (cache miss)
1666 http fetch GET 200 https://registry.npmjs.org/ansi-regex/-/ansi-regex-5.0.1.tgz 10606ms (cache miss)
1667 http fetch GET 200 https://registry.npmjs.org/anymatch/-/anymatch-3.1.3.tgz 10610ms (cache miss)
1668 http fetch GET 200 https://registry.npmjs.org/eslint-plugin-react-hooks/-/eslint-plugin-react-hooks-5.0.0-canary-7118f5dd7-20230705.tgz 10561ms (cache miss)
1669 http fetch GET 200 https://registry.npmjs.org/@types/json5/-/json5-0.0.29.tgz 10472ms (cache miss)
1670 http fetch GET 200 https://registry.npmjs.org/@types/react-dom/-/react-dom-18.3.7.tgz 10376ms (cache miss)
1671 http fetch GET 200 https://registry.npmjs.org/@types/d3-time/-/d3-time-3.0.4.tgz 10471ms (cache miss)
1672 http fetch GET 200 https://registry.npmjs.org/@types/d3-timer/-/d3-timer-3.0.2.tgz 10376ms (cache miss)
1673 http fetch GET 200 https://registry.npmjs.org/argparse/-/argparse-2.0.1.tgz 10795ms (cache miss)
1674 http fetch GET 200 https://registry.npmjs.org/@types/d3-interpolate/-/d3-interpolate-3.0.4.tgz 10219ms (cache miss)
1675 http fetch GET 200 https://registry.npmjs.org/@ungap/structured-clone/-/structured-clone-1.3.3.tgz 10417ms (cache miss)
1676 http fetch GET 200 https://registry.npmjs.org/@types/d3-shape/-/d3-shape-3.2.0.tgz 10481ms (cache miss)
1677 http fetch GET 200 https://registry.npmjs.org/@types/d3-scale/-/d3-scale-4.0.9.tgz 10427ms (cache miss)
1678 http fetch GET 200 https://registry.npmjs.org/@types/d3-ease/-/d3-ease-3.0.2.tgz 10105ms (cache miss)
1679 http fetch GET 200 https://registry.npmjs.org/@types/d3-color/-/d3-color-3.1.3.tgz 10135ms (cache miss)
1680 http fetch GET 200 https://registry.npmjs.org/@types/d3-path/-/d3-path-3.1.1.tgz 10116ms (cache miss)
1681 http fetch GET 200 https://registry.npmjs.org/@swc/counter/-/counter-0.1.3.tgz 10155ms (cache miss)
1682 http fetch GET 200 https://registry.npmjs.org/@nolyfill/is-core-module/-/is-core-module-1.0.39.tgz 10051ms (cache miss)
1683 http fetch GET 200 https://registry.npmjs.org/@rushstack/eslint-patch/-/eslint-patch-1.16.1.tgz 10369ms (cache miss)
1684 http fetch GET 200 https://registry.npmjs.org/@types/d3-array/-/d3-array-3.2.2.tgz 10060ms (cache miss)
1685 http fetch GET 200 https://registry.npmjs.org/@nodelib/fs.scandir/-/fs.scandir-2.1.5.tgz 10011ms (cache miss)
1686 http fetch GET 200 https://registry.npmjs.org/@nodelib/fs.walk/-/fs.walk-1.2.8.tgz 9941ms (cache miss)
1687 http fetch GET 200 https://registry.npmjs.org/@pkgjs/parseargs/-/parseargs-0.11.0.tgz 10099ms (cache miss)
1688 http fetch GET 200 https://registry.npmjs.org/@jridgewell/resolve-uri/-/resolve-uri-3.1.2.tgz 9850ms (cache miss)
1689 http fetch GET 200 https://registry.npmjs.org/@eslint/js/-/js-8.57.1.tgz 9659ms (cache miss)
1690 http fetch GET 200 https://registry.npmjs.org/@nodelib/fs.stat/-/fs.stat-2.0.5.tgz 9765ms (cache miss)
1691 http fetch GET 200 https://registry.npmjs.org/@rtsao/scc/-/scc-1.1.0.tgz 10243ms (cache miss)
1692 http fetch GET 200 https://registry.npmjs.org/@jridgewell/sourcemap-codec/-/sourcemap-codec-1.5.5.tgz 10046ms (cache miss)
1693 http fetch GET 200 https://registry.npmjs.org/@humanwhocodes/module-importer/-/module-importer-1.0.1.tgz 9512ms (cache miss)
1694 http fetch GET 200 https://registry.npmjs.org/@isaacs/cliui/-/cliui-8.0.2.tgz 9694ms (cache miss)
1695 http fetch GET 200 https://registry.npmjs.org/@humanwhocodes/object-schema/-/object-schema-2.0.3.tgz 9508ms (cache miss)
1696 http fetch GET 200 https://registry.npmjs.org/chokidar/-/chokidar-3.6.0.tgz 11444ms (cache miss)
1697 http fetch GET 200 https://registry.npmjs.org/@jridgewell/trace-mapping/-/trace-mapping-0.3.31.tgz 9544ms (cache miss)
1698 http fetch GET 200 https://registry.npmjs.org/@humanwhocodes/config-array/-/config-array-0.13.0.tgz 9484ms (cache miss)
1699 http fetch GET 200 https://registry.npmjs.org/@alloc/quick-lru/-/quick-lru-5.2.0.tgz 9421ms (cache miss)
1700 http fetch GET 200 https://registry.npmjs.org/string-width/-/string-width-4.2.3.tgz 9382ms (cache miss)
1701 http fetch GET 200 https://registry.npmjs.org/@jridgewell/gen-mapping/-/gen-mapping-0.3.13.tgz 9489ms (cache miss)
1702 http fetch GET 200 https://registry.npmjs.org/fast-equals/-/fast-equals-5.4.1.tgz 12140ms (cache miss)
1703 http fetch GET 200 https://registry.npmjs.org/emoji-regex/-/emoji-regex-8.0.0.tgz 9603ms (cache miss)
1704 http fetch GET 200 https://registry.npmjs.org/ansi-regex/-/ansi-regex-6.3.0.tgz 9585ms (cache miss)
1705 http fetch GET 200 https://registry.npmjs.org/ansi-styles/-/ansi-styles-6.2.3.tgz 9557ms (cache miss)
1706 http fetch GET 200 https://registry.npmjs.org/strip-ansi/-/strip-ansi-7.2.0.tgz 9611ms (cache miss)
1707 http fetch GET 200 https://registry.npmjs.org/@typescript-eslint%2fscope-manager 17255ms (cache miss)
1708 silly packumentCache corgi:https://registry.npmjs.org/@typescript-eslint%2fscope-manager set size:undefined disposed:false
1709 http fetch GET 200 https://registry.npmjs.org/fdir/-/fdir-6.5.0.tgz 9464ms (cache miss)
1710 http fetch GET 200 https://registry.npmjs.org/picomatch/-/picomatch-4.0.7.tgz 9571ms (cache miss)
1711 http fetch GET 200 https://registry.npmjs.org/emoji-regex/-/emoji-regex-8.0.0.tgz 9491ms (cache miss)
1712 http fetch GET 200 https://registry.npmjs.org/ansi-regex/-/ansi-regex-6.3.0.tgz 9573ms (cache miss)
1713 http fetch GET 200 https://registry.npmjs.org/jackspeak/-/jackspeak-2.3.6.tgz 13184ms (cache miss)
1714 http fetch GET 200 https://registry.npmjs.org/brace-expansion/-/brace-expansion-2.1.4.tgz 9205ms (cache miss)
1715 http fetch GET 200 https://registry.npmjs.org/strip-ansi/-/strip-ansi-7.2.0.tgz 9590ms (cache miss)
1716 http fetch GET 200 https://registry.npmjs.org/glob-parent/-/glob-parent-5.1.2.tgz 9213ms (cache miss)
1717 http fetch GET 200 https://registry.npmjs.org/doctrine/-/doctrine-2.1.0.tgz 9428ms (cache miss)
1718 http fetch GET 200 https://registry.npmjs.org/ansi-regex/-/ansi-regex-6.3.0.tgz 9050ms (cache miss)
1719 http fetch GET 200 https://registry.npmjs.org/debug/-/debug-3.2.7.tgz 9321ms (cache miss)
1720 http fetch GET 200 https://registry.npmjs.org/glob-parent/-/glob-parent-5.1.2.tgz 9520ms (cache miss)
1721 http fetch GET 200 https://registry.npmjs.org/doctrine/-/doctrine-2.1.0.tgz 9436ms (cache miss)
1722 http fetch GET 200 https://registry.npmjs.org/brace-expansion/-/brace-expansion-2.1.4.tgz 9078ms (cache miss)
1723 http fetch GET 200 https://registry.npmjs.org/strip-ansi/-/strip-ansi-7.2.0.tgz 9076ms (cache miss)
1724 http fetch GET 200 https://registry.npmjs.org/debug/-/debug-3.2.7.tgz 9362ms (cache miss)
1725 http fetch GET 200 https://registry.npmjs.org/debug/-/debug-3.2.7.tgz 9344ms (cache miss)
1726 http fetch GET 200 https://registry.npmjs.org/react-is/-/react-is-18.3.1.tgz 5885ms (cache miss)
1727 http fetch GET 200 https://registry.npmjs.org/@next/env/-/env-14.2.5.tgz 6333ms (cache miss)
1728 http fetch GET 200 https://registry.npmjs.org/@typescript-eslint/visitor-keys/-/visitor-keys-7.2.0.tgz 7157ms (cache miss)
1729 http fetch GET 200 https://registry.npmjs.org/@typescript-eslint/types/-/types-7.2.0.tgz 3276ms (cache miss)
1730 http fetch GET 200 https://registry.npmjs.org/@eslint-community/eslint-utils/-/eslint-utils-4.10.1.tgz 10393ms (cache miss)
1731 http fetch GET 200 https://registry.npmjs.org/@eslint-community/regexpp/-/regexpp-4.12.2.tgz 10189ms (cache miss)
1732 http fetch GET 200 https://registry.npmjs.org/csstype/-/csstype-3.2.3.tgz 12395ms (cache miss)
1733 http fetch GET 200 https://registry.npmjs.org/esquery/-/esquery-1.7.0.tgz 13003ms (cache miss)
1734 http fetch GET 200 https://registry.npmjs.org/@types/react/-/react-18.3.31.tgz 11166ms (cache miss)
1735 http fetch GET 200 https://registry.npmjs.org/graphemer/-/graphemer-1.4.0.tgz 13403ms (cache miss)
1736 http fetch GET 200 https://registry.npmjs.org/react/-/react-18.3.1.tgz 6776ms (cache miss)
1737 http fetch GET 200 https://registry.npmjs.org/@eslint/eslintrc/-/eslintrc-2.1.4.tgz 11587ms (cache miss)
1738 http fetch GET 200 https://registry.npmjs.org/@babel/runtime/-/runtime-7.29.7.tgz 19057ms (cache miss)
1739 http fetch GET 200 https://registry.npmjs.org/@unrs/resolver-binding-win32-x64-msvc/-/resolver-binding-win32-x64-msvc-1.12.2.tgz 13321ms (cache miss)
1740 http fetch GET 200 https://registry.npmjs.org/@babel/runtime/-/runtime-7.29.7.tgz 19067ms (cache miss)
1741 http fetch GET 200 https://registry.npmjs.org/axe-core/-/axe-core-4.13.0.tgz 10791ms (cache miss)
1742 warn deprecated eslint@8.57.1: This version is no longer supported. Please see https://eslint.org/version-support for other options.
1743 http fetch GET 200 https://registry.npmjs.org/@types/node/-/node-20.19.43.tgz 11903ms (cache miss)
1744 http fetch GET 200 https://registry.npmjs.org/react-dom/-/react-dom-18.3.1.tgz 5393ms (cache miss)
1745 http fetch GET 200 https://registry.npmjs.org/jsx-ast-utils/-/jsx-ast-utils-3.3.5.tgz 16107ms (cache miss)
1746 http fetch GET 200 https://registry.npmjs.org/ajv/-/ajv-6.15.0.tgz 14360ms (cache miss)
1747 http fetch GET 200 https://registry.npmjs.org/es-iterator-helpers/-/es-iterator-helpers-1.4.0.tgz 15715ms (cache miss)
1748 http fetch GET 200 https://registry.npmjs.org/eslint-plugin-import/-/eslint-plugin-import-2.32.0.tgz 16341ms (cache miss)
1749 http fetch GET 200 https://registry.npmjs.org/eslint-plugin-react/-/eslint-plugin-react-7.37.5.tgz 18446ms (cache miss)
1750 http fetch GET 200 https://registry.npmjs.org/@typescript-eslint/scope-manager/-/scope-manager-7.2.0.tgz 11145ms (cache miss)
1751 http fetch GET 200 https://registry.npmjs.org/@next/swc-win32-x64-msvc/-/swc-win32-x64-msvc-14.2.5.tgz 37500ms (cache miss)
1752 warn deprecated next@14.2.5: This version has a security vulnerability. Please upgrade to a patched version. See https://nextjs.org/blog/security-update-2025-12-11 for more details.
1753 info run unrs-resolver@1.12.2 postinstall node_modules/unrs-resolver node postinstall.js
1754 info run unrs-resolver@1.12.2 postinstall { code: 0, signal: null }
1755 silly ADD node_modules/@emnapi/wasi-threads
1756 silly ADD node_modules/yocto-queue
1757 silly ADD node_modules/wrappy
1758 silly ADD node_modules/wrap-ansi-cjs
1759 silly ADD node_modules/wrap-ansi-cjs/node_modules/string-width
1760 silly ADD node_modules/wrap-ansi-cjs/node_modules/emoji-regex
1761 silly ADD node_modules/wrap-ansi
1762 silly ADD node_modules/wrap-ansi/node_modules/strip-ansi
1763 silly ADD node_modules/wrap-ansi/node_modules/ansi-styles
1764 silly ADD node_modules/wrap-ansi/node_modules/ansi-regex
1765 silly ADD node_modules/word-wrap
1766 silly ADD node_modules/which-typed-array
1767 silly ADD node_modules/which-collection
1768 silly ADD node_modules/which-builtin-type
1769 silly ADD node_modules/which-boxed-primitive
1770 silly ADD node_modules/which
1771 silly ADD node_modules/victory-vendor
1772 silly ADD node_modules/util-deprecate
1773 silly ADD node_modules/uri-js
1774 silly ADD node_modules/unrs-resolver
1775 silly ADD node_modules/undici-types
1776 silly ADD node_modules/unbox-primitive
1777 silly ADD node_modules/typescript
1778 silly ADD node_modules/typed-array-length
1779 silly ADD node_modules/typed-array-byte-offset
1780 silly ADD node_modules/typed-array-byte-length
1781 silly ADD node_modules/typed-array-buffer
1782 silly ADD node_modules/type-fest
1783 silly ADD node_modules/type-check
1784 silly ADD node_modules/tslib
1785 silly ADD node_modules/tsconfig-paths
1786 silly ADD node_modules/ts-interface-checker
1787 silly ADD node_modules/ts-api-utils
1788 silly ADD node_modules/to-regex-range
1789 silly ADD node_modules/tinyglobby
1790 silly ADD node_modules/tinyglobby/node_modules/picomatch
1791 silly ADD node_modules/tinyglobby/node_modules/fdir
1792 silly ADD node_modules/tiny-invariant
1793 silly ADD node_modules/thenify-all
1794 silly ADD node_modules/thenify
1795 silly ADD node_modules/text-table
1796 silly ADD node_modules/tailwindcss
1797 silly ADD node_modules/tailwindcss/node_modules/resolve
1798 silly ADD node_modules/tailwind-merge
1799 silly ADD node_modules/supports-preserve-symlinks-flag
1800 silly ADD node_modules/supports-color
1801 silly ADD node_modules/sucrase
1802 silly ADD node_modules/styled-jsx
1803 silly ADD node_modules/strip-json-comments
1804 silly ADD node_modules/strip-bom
1805 silly ADD node_modules/strip-ansi-cjs
1806 silly ADD node_modules/strip-ansi
1807 silly ADD node_modules/string.prototype.trimstart
1808 silly ADD node_modules/string.prototype.trimend
1809 silly ADD node_modules/string.prototype.trim
1810 silly ADD node_modules/string.prototype.trim/node_modules/es-abstract
1811 silly ADD node_modules/string.prototype.repeat
1812 silly ADD node_modules/string.prototype.repeat/node_modules/es-abstract
1813 silly ADD node_modules/string.prototype.matchall
1814 silly ADD node_modules/string.prototype.matchall/node_modules/es-abstract
1815 silly ADD node_modules/string.prototype.includes
1816 silly ADD node_modules/string.prototype.includes/node_modules/es-abstract
1817 silly ADD node_modules/string-width-cjs
1818 silly ADD node_modules/string-width-cjs/node_modules/emoji-regex
1819 silly ADD node_modules/string-width
1820 silly ADD node_modules/string-width/node_modules/strip-ansi
1821 silly ADD node_modules/string-width/node_modules/ansi-regex
1822 silly ADD node_modules/streamsearch
1823 silly ADD node_modules/stop-iteration-iterator
1824 silly ADD node_modules/stable-hash
1825 silly ADD node_modules/source-map-js
1826 silly ADD node_modules/slash
1827 silly ADD node_modules/signal-exit
1828 silly ADD node_modules/side-channel-weakmap
1829 silly ADD node_modules/side-channel-map
1830 silly ADD node_modules/side-channel-list
1831 silly ADD node_modules/side-channel
1832 silly ADD node_modules/shebang-regex
1833 silly ADD node_modules/shebang-command
1834 silly ADD node_modules/set-proto
1835 silly ADD node_modules/set-function-name
1836 silly ADD node_modules/set-function-length
1837 silly ADD node_modules/semver
1838 silly ADD node_modules/scheduler
1839 silly ADD node_modules/safe-regex-test
1840 silly ADD node_modules/safe-push-apply
1841 silly ADD node_modules/safe-array-concat
1842 silly ADD node_modules/run-parallel
1843 silly ADD node_modules/rimraf
1844 silly ADD node_modules/rimraf/node_modules/glob
1845 silly ADD node_modules/reusify
1846 silly ADD node_modules/resolve-pkg-maps
1847 silly ADD node_modules/resolve-from
1848 silly ADD node_modules/resolve
1849 silly ADD node_modules/regexp.prototype.flags
1850 silly ADD node_modules/reflect.getprototypeof
1851 silly ADD node_modules/reflect.getprototypeof/node_modules/es-abstract
1852 silly ADD node_modules/recharts-scale
1853 silly ADD node_modules/recharts
1854 silly ADD node_modules/recharts/node_modules/react-is
1855 silly ADD node_modules/readdirp
1856 silly ADD node_modules/read-cache
1857 silly ADD node_modules/react-transition-group
1858 silly ADD node_modules/react-transition-group/node_modules/@babel/runtime
1859 silly ADD node_modules/react-smooth
1860 silly ADD node_modules/react-is
1861 silly ADD node_modules/react-dom
1862 silly ADD node_modules/react
1863 silly ADD node_modules/queue-microtask
1864 silly ADD node_modules/punycode
1865 silly ADD node_modules/prop-types
1866 silly ADD node_modules/prelude-ls
1867 silly ADD node_modules/postcss-value-parser
1868 silly ADD node_modules/postcss-selector-parser
1869 silly ADD node_modules/postcss-nested
1870 silly ADD node_modules/postcss-load-config
1871 silly ADD node_modules/postcss-js
1872 silly ADD node_modules/postcss-import
1873 silly ADD node_modules/postcss-import/node_modules/resolve
1874 silly ADD node_modules/postcss
1875 silly ADD node_modules/possible-typed-array-names
1876 silly ADD node_modules/pirates
1877 silly ADD node_modules/picomatch
1878 silly ADD node_modules/picocolors
1879 silly ADD node_modules/path-type
1880 silly ADD node_modules/path-scurry
1881 silly ADD node_modules/path-parse
1882 silly ADD node_modules/path-key
1883 silly ADD node_modules/path-is-absolute
1884 silly ADD node_modules/path-exists
1885 silly ADD node_modules/parent-module
1886 silly ADD node_modules/p-locate
1887 silly ADD node_modules/p-limit
1888 silly ADD node_modules/own-keys
1889 silly ADD node_modules/optionator
1890 silly ADD node_modules/once
1891 silly ADD node_modules/object.values
1892 silly ADD node_modules/object.groupby
1893 silly ADD node_modules/object.groupby/node_modules/es-abstract
1894 silly ADD node_modules/object.fromentries
1895 silly ADD node_modules/object.fromentries/node_modules/es-abstract
1896 silly ADD node_modules/object.entries
1897 silly ADD node_modules/object.assign
1898 silly ADD node_modules/object-keys
1899 silly ADD node_modules/object-inspect
1900 silly ADD node_modules/object-hash
1901 silly ADD node_modules/object-assign
1902 silly ADD node_modules/normalize-path
1903 silly ADD node_modules/node-exports-info
1904 silly ADD node_modules/node-exports-info/node_modules/semver
1905 silly ADD node_modules/next
1906 silly ADD node_modules/next/node_modules/postcss
1907 silly ADD node_modules/natural-compare
1908 silly ADD node_modules/napi-postinstall
1909 silly ADD node_modules/nanoid
1910 silly ADD node_modules/mz
1911 silly ADD node_modules/ms
1912 silly ADD node_modules/minipass
1913 silly ADD node_modules/minimist
1914 silly ADD node_modules/minimatch
1915 silly ADD node_modules/micromatch
1916 silly ADD node_modules/merge2
1917 silly ADD node_modules/math-intrinsics
1918 silly ADD node_modules/lucide-react
1919 silly ADD node_modules/lru-cache
1920 silly ADD node_modules/loose-envify
1921 silly ADD node_modules/lodash.merge
1922 silly ADD node_modules/lodash
1923 silly ADD node_modules/locate-path
1924 silly ADD node_modules/lines-and-columns
1925 silly ADD node_modules/lilconfig
1926 silly ADD node_modules/levn
1927 silly ADD node_modules/language-tags
1928 silly ADD node_modules/language-subtag-registry
1929 silly ADD node_modules/keyv
1930 silly ADD node_modules/jsx-ast-utils
1931 silly ADD node_modules/json5
1932 silly ADD node_modules/json-stable-stringify-without-jsonify
1933 silly ADD node_modules/json-schema-traverse
1934 silly ADD node_modules/json-buffer
1935 silly ADD node_modules/js-yaml
1936 silly ADD node_modules/js-tokens
1937 silly ADD node_modules/jiti
1938 silly ADD node_modules/jackspeak
1939 silly ADD node_modules/iterator.prototype
1940 silly ADD node_modules/isexe
1941 silly ADD node_modules/isarray
1942 silly ADD node_modules/is-weakset
1943 silly ADD node_modules/is-weakref
1944 silly ADD node_modules/is-weakmap
1945 silly ADD node_modules/is-typed-array
1946 silly ADD node_modules/is-symbol
1947 silly ADD node_modules/is-string
1948 silly ADD node_modules/is-shared-array-buffer
1949 silly ADD node_modules/is-set
1950 silly ADD node_modules/is-regex
1951 silly ADD node_modules/is-path-inside
1952 silly ADD node_modules/is-number-object
1953 silly ADD node_modules/is-number
1954 silly ADD node_modules/is-negative-zero
1955 silly ADD node_modules/is-map
1956 silly ADD node_modules/is-glob
1957 silly ADD node_modules/is-generator-function
1958 silly ADD node_modules/is-fullwidth-code-point
1959 silly ADD node_modules/is-finalizationregistry
1960 silly ADD node_modules/is-extglob
1961 silly ADD node_modules/is-document.all
1962 silly ADD node_modules/is-date-object
1963 silly ADD node_modules/is-data-view
1964 silly ADD node_modules/is-core-module
1965 silly ADD node_modules/is-callable
1966 silly ADD node_modules/is-bun-module
1967 silly ADD node_modules/is-boolean-object
1968 silly ADD node_modules/is-binary-path
1969 silly ADD node_modules/is-bigint
1970 silly ADD node_modules/is-async-function
1971 silly ADD node_modules/is-array-buffer
1972 silly ADD node_modules/internmap
1973 silly ADD node_modules/internal-slot
1974 silly ADD node_modules/inherits
1975 silly ADD node_modules/inflight
1976 silly ADD node_modules/imurmurhash
1977 silly ADD node_modules/import-fresh
1978 silly ADD node_modules/ignore
1979 silly ADD node_modules/hasown
1980 silly ADD node_modules/has-tostringtag
1981 silly ADD node_modules/has-symbols
1982 silly ADD node_modules/has-proto
1983 silly ADD node_modules/has-property-descriptors
1984 silly ADD node_modules/has-flag
1985 silly ADD node_modules/has-bigints
1986 silly ADD node_modules/graphemer
1987 silly ADD node_modules/graceful-fs
1988 silly ADD node_modules/gopd
1989 silly ADD node_modules/globby
1990 silly ADD node_modules/globalthis
1991 silly ADD node_modules/globals
1992 silly ADD node_modules/glob-parent
1993 silly ADD node_modules/glob
1994 silly ADD node_modules/glob/node_modules/minimatch
1995 silly ADD node_modules/glob/node_modules/brace-expansion
1996 silly ADD node_modules/get-tsconfig
1997 silly ADD node_modules/get-symbol-description
1998 silly ADD node_modules/get-proto
1999 silly ADD node_modules/get-intrinsic
2000 silly ADD node_modules/generator-function
2001 silly ADD node_modules/functions-have-names
2002 silly ADD node_modules/function.prototype.name
2003 silly ADD node_modules/function-bind
2004 silly ADD node_modules/fs.realpath
2005 silly ADD node_modules/foreground-child
2006 silly ADD node_modules/for-each
2007 silly ADD node_modules/flatted
2008 silly ADD node_modules/flat-cache
2009 silly ADD node_modules/find-up
2010 silly ADD node_modules/fill-range
2011 silly ADD node_modules/file-entry-cache
2012 silly ADD node_modules/fastq
2013 silly ADD node_modules/fast-levenshtein
2014 silly ADD node_modules/fast-json-stable-stringify
2015 silly ADD node_modules/fast-glob
2016 silly ADD node_modules/fast-glob/node_modules/glob-parent
2017 silly ADD node_modules/fast-equals
2018 silly ADD node_modules/fast-deep-equal
2019 silly ADD node_modules/eventemitter3
2020 silly ADD node_modules/esutils
2021 silly ADD node_modules/estraverse
2022 silly ADD node_modules/esrecurse
2023 silly ADD node_modules/esquery
2024 silly ADD node_modules/espree
2025 silly ADD node_modules/eslint-visitor-keys
2026 silly ADD node_modules/eslint-scope
2027 silly ADD node_modules/eslint-plugin-react-hooks
2028 silly ADD node_modules/eslint-plugin-react
2029 silly ADD node_modules/eslint-plugin-react/node_modules/semver
2030 silly ADD node_modules/eslint-plugin-react/node_modules/doctrine
2031 silly ADD node_modules/eslint-plugin-import
2032 silly ADD node_modules/eslint-plugin-import/node_modules/semver
2033 silly ADD node_modules/eslint-plugin-import/node_modules/doctrine
2034 silly ADD node_modules/eslint-plugin-import/node_modules/debug
2035 silly ADD node_modules/eslint-module-utils
2036 silly ADD node_modules/eslint-module-utils/node_modules/debug
2037 silly ADD node_modules/eslint-import-resolver-typescript
2038 silly ADD node_modules/eslint-import-resolver-node
2039 silly ADD node_modules/eslint-import-resolver-node/node_modules/debug
2040 silly ADD node_modules/eslint-config-next
2041 silly ADD node_modules/eslint-config-next/node_modules/eslint-plugin-jsx-a11y
2042 silly ADD node_modules/eslint-config-next/node_modules/aria-query
2043 silly ADD node_modules/eslint
2044 silly ADD node_modules/escape-string-regexp
2045 silly ADD node_modules/es-to-primitive
2046 silly ADD node_modules/es-shim-unscopables
2047 silly ADD node_modules/es-set-tostringtag
2048 silly ADD node_modules/es-object-atoms
2049 silly ADD node_modules/es-iterator-helpers
2050 silly ADD node_modules/es-iterator-helpers/node_modules/es-abstract
2051 silly ADD node_modules/es-errors
2052 silly ADD node_modules/es-define-property
2053 silly ADD node_modules/es-abstract-get
2054 silly ADD node_modules/emoji-regex
2055 silly ADD node_modules/eastasianwidth
2056 silly ADD node_modules/dunder-proto
2057 silly ADD node_modules/dom-helpers
2058 silly ADD node_modules/dom-helpers/node_modules/@babel/runtime
2059 silly ADD node_modules/doctrine
2060 silly ADD node_modules/dlv
2061 silly ADD node_modules/dir-glob
2062 silly ADD node_modules/didyoumean
2063 silly ADD node_modules/define-properties
2064 silly ADD node_modules/define-data-property
2065 silly ADD node_modules/deep-is
2066 silly ADD node_modules/decimal.js-light
2067 silly ADD node_modules/debug
2068 silly ADD node_modules/data-view-byte-offset
2069 silly ADD node_modules/data-view-byte-length
2070 silly ADD node_modules/data-view-buffer
2071 silly ADD node_modules/damerau-levenshtein
2072 silly ADD node_modules/d3-timer
2073 silly ADD node_modules/d3-time-format
2074 silly ADD node_modules/d3-time
2075 silly ADD node_modules/d3-shape
2076 silly ADD node_modules/d3-scale
2077 silly ADD node_modules/d3-path
2078 silly ADD node_modules/d3-interpolate
2079 silly ADD node_modules/d3-format
2080 silly ADD node_modules/d3-ease
2081 silly ADD node_modules/d3-color
2082 silly ADD node_modules/d3-array
2083 silly ADD node_modules/csstype
2084 silly ADD node_modules/cssesc
2085 silly ADD node_modules/cross-spawn
2086 silly ADD node_modules/concat-map
2087 silly ADD node_modules/commander
2088 silly ADD node_modules/color-name
2089 silly ADD node_modules/color-convert
2090 silly ADD node_modules/clsx
2091 silly ADD node_modules/client-only
2092 silly ADD node_modules/chokidar
2093 silly ADD node_modules/chokidar/node_modules/glob-parent
2094 silly ADD node_modules/chalk
2095 silly ADD node_modules/caniuse-lite
2096 silly ADD node_modules/camelcase-css
2097 silly ADD node_modules/callsites
2098 silly ADD node_modules/call-bound
2099 silly ADD node_modules/call-bind-apply-helpers
2100 silly ADD node_modules/call-bind
2101 silly ADD node_modules/busboy
2102 silly ADD node_modules/braces
2103 silly ADD node_modules/brace-expansion
2104 silly ADD node_modules/binary-extensions
2105 silly ADD node_modules/balanced-match
2106 silly ADD node_modules/axobject-query
2107 silly ADD node_modules/axe-core
2108 silly ADD node_modules/available-typed-arrays
2109 silly ADD node_modules/async-function
2110 silly ADD node_modules/ast-types-flow
2111 silly ADD node_modules/arraybuffer.prototype.slice
2112 silly ADD node_modules/arraybuffer.prototype.slice/node_modules/es-abstract
2113 silly ADD node_modules/array.prototype.tosorted
2114 silly ADD node_modules/array.prototype.tosorted/node_modules/es-abstract
2115 silly ADD node_modules/array.prototype.flatmap
2116 silly ADD node_modules/array.prototype.flatmap/node_modules/es-abstract
2117 silly ADD node_modules/array.prototype.flat
2118 silly ADD node_modules/array.prototype.flat/node_modules/es-abstract
2119 silly ADD node_modules/array.prototype.findlastindex
2120 silly ADD node_modules/array.prototype.findlastindex/node_modules/es-abstract
2121 silly ADD node_modules/array.prototype.findlast
2122 silly ADD node_modules/array.prototype.findlast/node_modules/es-abstract
2123 silly ADD node_modules/array-union
2124 silly ADD node_modules/array-includes
2125 silly ADD node_modules/array-includes/node_modules/es-abstract
2126 silly ADD node_modules/array-buffer-byte-length
2127 silly ADD node_modules/argparse
2128 silly ADD node_modules/arg
2129 silly ADD node_modules/anymatch
2130 silly ADD node_modules/any-promise
2131 silly ADD node_modules/ansi-styles
2132 silly ADD node_modules/ansi-regex
2133 silly ADD node_modules/ajv
2134 silly ADD node_modules/acorn-jsx
2135 silly ADD node_modules/acorn
2136 silly ADD node_modules/@unrs/resolver-binding-win32-x64-msvc
2137 silly ADD node_modules/@ungap/structured-clone
2138 silly ADD node_modules/@typescript-eslint/visitor-keys
2139 silly ADD node_modules/@typescript-eslint/typescript-estree
2140 silly ADD node_modules/@typescript-eslint/typescript-estree/node_modules/minimatch
2141 silly ADD node_modules/@typescript-eslint/typescript-estree/node_modules/brace-expansion
2142 silly ADD node_modules/@typescript-eslint/types
2143 silly ADD node_modules/@typescript-eslint/scope-manager
2144 silly ADD node_modules/@typescript-eslint/parser
2145 silly ADD node_modules/@types/react-dom
2146 silly ADD node_modules/@types/react
2147 silly ADD node_modules/@types/prop-types
2148 silly ADD node_modules/@types/node
2149 silly ADD node_modules/@types/json5
2150 silly ADD node_modules/@types/d3-timer
2151 silly ADD node_modules/@types/d3-time
2152 silly ADD node_modules/@types/d3-shape
2153 silly ADD node_modules/@types/d3-scale
2154 silly ADD node_modules/@types/d3-path
2155 silly ADD node_modules/@types/d3-interpolate
2156 silly ADD node_modules/@types/d3-ease
2157 silly ADD node_modules/@types/d3-color
2158 silly ADD node_modules/@types/d3-array
2159 silly ADD node_modules/@swc/helpers
2160 silly ADD node_modules/@swc/counter
2161 silly ADD node_modules/@rushstack/eslint-patch
2162 silly ADD node_modules/@rtsao/scc
2163 silly ADD node_modules/@pkgjs/parseargs
2164 silly ADD node_modules/@nolyfill/is-core-module
2165 silly ADD node_modules/@nodelib/fs.walk
2166 silly ADD node_modules/@nodelib/fs.stat
2167 silly ADD node_modules/@nodelib/fs.scandir
2168 silly ADD node_modules/@next/swc-win32-x64-msvc
2169 silly ADD node_modules/@next/eslint-plugin-next
2170 silly ADD node_modules/@next/env
2171 silly ADD node_modules/@jridgewell/trace-mapping
2172 silly ADD node_modules/@jridgewell/sourcemap-codec
2173 silly ADD node_modules/@jridgewell/resolve-uri
2174 silly ADD node_modules/@jridgewell/gen-mapping
2175 silly ADD node_modules/@isaacs/cliui
2176 silly ADD node_modules/@isaacs/cliui/node_modules/strip-ansi
2177 silly ADD node_modules/@isaacs/cliui/node_modules/ansi-regex
2178 silly ADD node_modules/@humanwhocodes/object-schema
2179 silly ADD node_modules/@humanwhocodes/module-importer
2180 silly ADD node_modules/@humanwhocodes/config-array
2181 silly ADD node_modules/@eslint/js
2182 silly ADD node_modules/@eslint/eslintrc
2183 silly ADD node_modules/@eslint-community/regexpp
2184 silly ADD node_modules/@eslint-community/eslint-utils
2185 silly ADD node_modules/@alloc/quick-lru
2186 verbose cwd C:\Users\laksh\OneDrive\Desktop\FleetMind
2187 verbose os Windows_NT 10.0.26200
2188 verbose node v24.13.0
2189 verbose npm  v11.6.2
2190 verbose exit 0
2191 info ok
